mmsi,longitude,latitude,sog_now,sog_prev,delta_sog,distance_nm,time_gap_hours,implied_speed_knots,cog,base_date_time,dbscan_behavior_label
366963250,-90.19828,29.92235,7.0,6.6,0.4000000000000003,0.1128428196777538,0.0002777777777777,406.23415083991375,70.0,2025-06-30 00:00:01,-1
367463060,-122.50822,47.33104,4.1,4.6,-0.5,0.0107763532010181,12.29138888888889,0.0008767400737568,24.7,2025-06-30 12:18:30,-1
368002660,-122.45139,47.28643,5.0,5.0,0.0,0.0401327858361923,12.308055555555557,0.0032606926134711,144.5,2025-06-30 12:18:29,-1
367784560,-71.02786,42.35637,18.3,6.7,11.6,0.1628398310082091,0.0175,9.305133200469092,134.3,2025-06-30 00:01:06,-1
338430022,-122.4581,47.30915,5.9,5.8,0.1000000000000005,0.0458473452410178,12.307777777777778,0.0037250709322845,161.3,2025-06-30 12:18:31,-1
338523767,-73.64712,40.93803,3.8,40.4,-36.6,0.6159345749668647,0.0177777777777777,34.64631984188614,135.3,2025-06-30 00:01:07,-1
367379320,-70.95818,42.28857,33.2,34.2,-1.0,0.592376063852395,0.0172222222222222,34.39602951401004,137.7,2025-06-30 00:01:05,-1
366772760,-122.49047,47.6077,14.8,16.2,-1.3999999999999986,0.2623568515622067,0.0172222222222222,15.233623639095876,340.5,2025-06-30 00:01:04,-1
367390070,-90.00866,29.80057,13.1,4.2,8.899999999999999,0.0363570306712179,0.0169444444444444,2.145660826498108,81.7,2025-06-30 00:01:02,-1
368025020,-74.00231,40.69231,0.0,8.1,-8.1,0.0223780280678336,0.0188888888888888,1.1847191330029556,309.9,2025-06-30 00:01:09,-1
367784630,-73.96628,40.74491,22.7,0.9,21.8,0.2694664975414647,0.0172222222222222,15.64644179273021,314.8,2025-06-30 00:01:03,-1
338414713,-70.48905,41.40059,26.4,9.5,16.9,0.4479113464871443,0.0202777777777777,22.08877873087287,31.0,2025-06-30 00:01:13,-1
369990185,-70.94593,42.3253,29.7,28.7,1.0,0.5137861417438556,0.0177777777777777,28.90047047309188,335.2,2025-06-30 00:01:07,-1
368133760,-117.86854,33.57692,18.9,16.0,2.8999999999999986,0.3038157111092952,0.0169444444444444,17.93010754087644,323.6,2025-06-30 00:01:13,-1
367121000,-123.5361,48.28797,19.5,13.1,6.4,0.3015392100413609,0.0169444444444444,17.79575665817868,171.3,2025-06-30 00:01:01,-1
366798310,-122.66819,37.75473,2.1,8.8,-6.700000000000001,0.0540864387239063,0.0327777777777777,1.650094740729346,80.8,2025-06-30 00:02:00,-1
367782690,-73.99549,40.70394,5.0,11.0,-6.0,0.1462448696510469,0.0169444444444444,8.630844766291291,225.1,2025-06-30 00:01:01,-1
366709770,-122.93858,48.59105,16.1,13.7,2.400000000000002,0.2651714862930531,0.0172222222222222,15.39705404282244,330.2,2025-06-30 00:01:03,-1
368090680,-158.11638,21.32124,0.1,8.8,-8.700000000000001,0.0799242963171863,0.0194444444444444,4.110392382026724,180.5,2025-06-30 00:01:14,-1
368256040,-90.3336,29.93227,5.2,8.8,-3.6000000000000005,0.1624726378345196,0.0194444444444444,8.355735660061008,147.9,2025-06-30 00:01:12,-1
368102470,-90.87991,30.06379,0.1,6.9,-6.800000000000001,0.0699483788322669,0.0191666666666666,3.649480634726973,74.8,2025-06-30 00:01:09,-1
338463767,-73.43255,41.03314,29.1,25.0,4.100000000000001,0.5263626830591417,0.0194444444444444,27.070080843041573,342.1,2025-06-30 00:01:10,-1
316011408,-123.16803,48.99425,9.3,11.5,-2.1999999999999997,0.1841646067362927,0.0183333333333333,10.045342185615963,89.3,2025-06-30 00:01:08,-1
367576980,-87.61369,41.86948,8.5,0.7,7.8,0.1013976365045752,0.0188888888888888,5.368110167889276,34.5,2025-06-30 00:01:11,-1
367791550,-74.01979,40.7085,19.5,23.4,-3.899999999999999,0.3624115314501212,0.0169444444444444,21.388221528203875,15.2,2025-06-30 00:01:03,-1
369990301,-84.68004,45.8531,35.1,32.5,2.6000000000000014,0.6028672688932697,0.0177777777777777,33.91128387524642,288.2,2025-06-30 00:01:06,-1
368271580,-122.962,48.54201,31.5,28.7,2.8000000000000007,0.6111501707157636,0.0208333333333333,29.335208194356653,89.7,2025-06-30 00:01:15,-1
338106623,-70.82587,42.48549,35.2,35.8,-0.5999999999999943,0.593385567135848,0.0169444444444444,35.01947609326316,15.3,2025-06-30 00:01:20,-1
368209870,-93.34537,29.77542,9.0,4.0,5.0,0.0951453779747888,0.0175,5.436878741416506,152.7,2025-06-30 00:01:05,-1
369990163,-76.44308,38.15772,24.7,7.0,17.7,0.2221424137343624,0.0177777777777777,12.49551077255789,347.1,2025-06-30 00:01:15,-1
367797260,-74.00213,40.70053,11.2,7.9,3.299999999999999,0.2410042335296428,0.0172222222222222,13.993794204947005,74.7,2025-06-30 00:01:05,-1
367797260,-73.99835,40.70228,18.1,11.2,6.900000000000002,0.2016024564403408,0.0172222222222222,11.705949083632696,52.0,2025-06-30 00:02:07,-1
367778670,-73.97791,40.70805,21.0,6.6,14.4,0.3255632033182085,0.0172222222222222,18.903669870089526,250.4,2025-06-30 00:01:04,-1
368061020,-73.84972,40.58427,23.0,18.1,4.899999999999999,0.3969366452244299,0.0175,22.682094012824567,266.5,2025-06-30 00:01:13,-1
367379320,-70.94866,42.28258,31.7,33.2,-1.5000000000000036,0.555114737012842,0.0172222222222222,32.23246860074566,110.5,2025-06-30 00:02:07,-1
367002980,-122.45561,37.87258,0.2,0.1,0.1,0.0018625241245746,5.533055555555555,0.0003366176438811,0.0,2025-06-30 05:33:08,-1
368409910,-94.77207,29.33534,19.1,26.2,-7.099999999999998,0.4396187295921534,0.0175,25.121070262408765,215.2,2025-06-30 00:01:05,-1
316014014,-123.13443,49.313,9.2,6.6,2.6,0.1454315065640622,0.0175,8.310371803660699,290.6,2025-06-30 00:01:03,-1
368302020,-122.74501,48.18823,2.1,18.5,-16.4,0.1393094770875056,0.0211111111111111,6.598869967302897,,2025-06-30 00:01:16,-1
338412928,-73.74337,40.59349,12.1,25.0,-12.9,0.3599120624631565,0.0180555555555555,19.933591151805597,78.9,2025-06-30 00:01:22,-1
338000000,-90.06185,29.94666,0.0,8.1,-8.1,1877.324083888678,0.0188888888888888,99387.74561763588,92.0,2025-06-30 00:01:12,-1
367679690,-123.1676,48.64141,28.2,26.2,2.0,0.4747030194080657,0.0169444444444444,28.015260161787484,174.2,2025-06-30 00:01:19,-1
338417305,-71.33258,41.48242,7.3,22.2,-14.9,0.2370560552657553,0.0213888888888888,11.083140246191157,104.3,2025-06-30 00:01:26,-1
367779550,-73.97059,40.71302,20.0,0.1,19.9,0.2486299330064385,0.0169444444444444,14.67324194792096,19.1,2025-06-30 00:02:07,-1
367733240,-82.53884,38.40004,7.5,0.4,7.1,0.0433044680082331,0.02,2.1652234004116586,68.4,2025-06-30 00:01:15,-1
246671000,-125.37029,36.48338,13.8,13.8,0.0,0.4603097481207424,5.55,0.0829386933550887,119.4,2025-06-30 05:33:08,-1
368413080,-122.40185,47.62607,14.5,21.1,-6.600000000000001,0.3791870414248955,0.0208333333333333,18.20097798839499,112.6,2025-06-30 00:01:25,-1
366902570,-82.72206,27.69459,6.3,10.0,-3.7,0.1458922551618496,0.0180555555555555,8.080186439733211,114.8,2025-06-30 00:02:07,-1
368018070,-122.28095,37.79392,4.6,10.6,-6.0,0.1096645585359888,5.530833333333334,0.0198278544889538,60.9,2025-06-30 05:33:07,-1
316010956,-123.31839,48.25451,12.8,8.8,4.0,0.1764294571214661,0.0169444444444444,10.412230256348822,6.8,2025-06-30 00:01:04,-1
316001247,-123.32933,49.37941,6.4,0.6,5.800000000000001,0.0583541913012833,0.0175,3.3345252172161937,68.7,2025-06-30 00:01:14,-1
367350050,-122.40461,37.81008,5.9,9.4,-3.5,0.1495361079949667,0.0191666666666666,7.801883895389567,124.4,2025-06-30 00:01:17,-1
368242030,-82.72741,41.54496,5.8,9.3,-3.500000000000001,0.1419198464091951,0.0183333333333333,7.741082531410642,187.5,2025-06-30 00:01:07,-1
368256040,-90.33229,29.93243,10.2,5.2,4.999999999999999,0.0688355062043448,0.0169444444444444,4.062423316977725,78.9,2025-06-30 00:02:13,-1
367784930,-122.95262,48.80136,11.0,28.6,-17.6,0.4623113895325995,0.0252777777777777,18.289241783707237,272.5,2025-06-30 00:01:45,-1
215159000,-123.73105,35.60645,18.1,18.1,0.0,0.3274764909163153,5.5344444444444445,0.0591706167084287,115.3,2025-06-30 05:33:07,-1
368293160,-75.87123,34.80258,4.7,8.7,-3.999999999999999,0.2191286182291175,0.0341666666666666,6.413520533535147,54.7,2025-06-30 00:02:10,-1
338452582,-121.51778,37.92033,29.9,2.1,27.8,0.2765550594701357,0.0172222222222222,16.05803571116917,284.1,2025-06-30 00:01:08,-1
366798310,-122.6675,37.75457,1.7,2.1,-0.4000000000000001,0.0341342323212796,5.518611111111111,0.0061852940230838,126.2,2025-06-30 05:33:07,-1
368313240,-74.01715,40.71272,0.2,6.0,-5.8,0.0488287916114282,0.0177777777777777,2.7466195281428383,256.6,2025-06-30 00:01:56,-1
319008700,-80.66724,32.23565,40.0,38.2,1.7999999999999972,0.6983938714520104,0.0180555555555555,38.68027595734212,317.9,2025-06-30 00:01:05,-1
338332478,-121.6103,38.02671,4.7,37.1,-32.4,0.1269231773637752,0.0172222222222222,7.369732879186947,245.9,2025-06-30 00:01:02,-1
338325543,-73.83085,39.72936,30.6,27.4,3.200000000000003,0.5284179756496631,0.0180555555555555,29.26622634367365,278.7,2025-06-30 00:01:08,-1
368056650,-122.66196,45.64673,6.4,51.3,-44.9,0.5611516895711477,0.0191666666666666,29.27747945588597,181.5,2025-06-30 00:01:24,-1
366801000,-122.65271,48.40566,28.4,24.9,3.5,0.4672634403615379,0.0169444444444444,27.576203037730107,265.6,2025-06-30 00:02:01,-1
367784560,-71.02158,42.35119,26.2,18.3,7.899999999999999,0.4175747495965958,0.0172222222222222,24.246275783028143,141.5,2025-06-30 00:02:08,-1
368338770,-94.99917,29.68168,5.9,9.0,-3.1,0.1526864119118564,0.0188888888888888,8.083398277686516,259.0,2025-06-30 00:02:11,-1
368060930,-90.01523,29.94533,7.3,1.2,6.1,0.0725674841678004,0.0191666666666666,3.7861296087548073,116.8,2025-06-30 00:01:18,-1
368207180,-82.83621,41.58927,8.2,2.6,5.6,0.0648685716881095,0.0194444444444444,3.3360979725313498,347.6,2025-06-30 00:02:15,-1
368130870,-74.00843,40.69988,24.1,2.7,21.4,0.2722370133809026,0.0172222222222222,15.807310454374994,236.3,2025-06-30 00:02:13,-1
338138512,-70.90213,41.6182,22.8,18.2,4.600000000000001,0.4109328954455186,0.0211111111111111,19.46524241584036,329.6,2025-06-30 00:01:39,-1
369914078,-79.98541,31.28637,18.7,20.4,-1.6999999999999993,0.6801811305902628,0.0380555555555555,17.87337277463464,196.2,2025-06-30 00:02:22,-1
316027733,-123.12527,49.31109,23.5,25.3,-1.8000000000000007,0.4229045457880809,0.0177777777777777,23.788380700579552,294.8,2025-06-30 00:01:06,-1
367434210,-74.022,40.7529,4.5,11.1,-6.6,0.1159419345741825,0.0180555555555555,6.42139945333934,271.0,2025-06-30 00:02:11,-1
368111610,-74.18595,40.51442,10.6,23.1,-12.500000000000002,0.4402740815424938,0.0172222222222222,25.564301508918994,295.1,2025-06-30 00:01:05,-1
367199310,-118.18058,33.73352,27.7,26.3,1.3999999999999986,0.4545457843466884,0.0172222222222222,26.392981026581907,5.4,2025-06-30 00:02:06,-1
316003689,-123.38644,48.65469,25.9,19.8,6.099999999999998,0.3825425287483179,0.0169444444444444,22.576280385146628,19.1,2025-06-30 00:01:45,-1
319072600,-71.83667,41.21558,10.8,13.6,-2.799999999999999,0.3164826155967257,0.025,12.659304623869026,76.9,2025-06-30 00:01:49,-1
366772750,-122.67556,48.51061,10.3,4.7,5.6000000000000005,0.135820828203243,0.0180555555555555,7.52238433125654,8.1,2025-06-30 00:02:14,-1
368042990,-89.40755,28.93244,0.1,22.0,-21.9,0.0784411106561941,0.0180555555555555,4.344430744035368,197.6,2025-06-30 00:02:21,-1
368081160,-73.97666,40.70635,11.3,6.4,4.9,0.1145239260509986,0.0172222222222222,6.649776351348308,298.9,2025-06-30 00:02:03,-1
338483106,-73.4294,41.05651,7.8,35.6,-27.8,0.4005838971063321,0.0186111111111111,21.523910889295458,20.5,2025-06-30 00:01:55,-1
367360430,-117.16948,32.70002,3.6,8.7,-5.1,0.1258339832530824,0.0186111111111111,6.761228950911891,261.9,2025-06-30 00:02:14,-1
338155798,-118.26698,33.71242,21.9,5.3,16.599999999999998,0.4282286119845442,0.0352777777777777,12.138763804286294,108.2,2025-06-30 00:02:12,-1
338155798,-118.27323,33.71309,10.7,21.9,-11.2,0.3147282298615625,0.0,0.0,95.7,2025-06-30 00:01:06,-1
316032858,-123.29858,49.36778,26.2,20.8,5.399999999999999,0.3901238332673358,0.0172222222222222,22.652351609071115,9.2,2025-06-30 00:01:16,-1
367390070,-90.00534,29.80341,14.7,13.1,1.5999999999999996,0.2428881392973476,0.0169444444444444,14.334381991318876,29.6,2025-06-30 00:02:03,-1
338508529,-74.1147,39.76842,31.5,6.9,24.6,0.3168586065636161,0.0205555555555555,15.414743022013756,330.9,2025-06-30 00:01:35,-1
338146507,-119.81038,34.33778,18.5,19.8,-1.3000000000000007,0.4198755423921642,0.0244444444444444,17.1767267342249,58.3,2025-06-30 00:01:54,-1
367791550,-74.01851,40.71216,8.9,19.5,-10.6,0.2273386459808616,0.0169444444444444,13.416706975919704,13.6,2025-06-30 00:02:04,-1
367121000,-123.53377,48.28068,16.2,19.5,-3.3000000000000007,0.4474848780064941,0.0247222222222222,18.100511919363807,172.5,2025-06-30 00:02:30,-1
367649320,-122.66672,48.52138,6.5,10.1,-3.6,0.1379223997268279,0.0175,7.881279984390165,131.1,2025-06-30 00:01:03,-1
338390164,-118.26859,33.72196,6.3,9.3,-3.000000000000001,0.1963848067222178,0.0238888888888888,8.220759351162608,337.7,2025-06-30 00:02:30,-1
316014609,-123.31731,49.0482,22.9,28.6,-5.700000000000003,0.5188034703253609,0.0197222222222222,26.3055280728352,348.6,2025-06-30 00:02:38,-1
367151730,-71.51419,41.37233,12.4,31.2,-18.8,0.5023009779376767,0.0177777777777777,28.25443000899432,13.1,2025-06-30 00:02:05,-1
311056900,-123.14151,36.86355,10.5,10.5,0.0,0.1761715507828422,5.533333333333333,0.0318382320691883,149.0,2025-06-30 05:33:08,-1
367527750,-86.73006,30.36368,8.4,3.4,5.0,0.1234378489976531,0.0197222222222222,6.258820512557061,150.8,2025-06-30 00:01:17,-1
210185000,-122.19474,37.554,8.3,8.5,-0.1999999999999993,0.120984141047247,5.531666666666666,0.0218711915120061,346.6,2025-06-30 05:33:07,-1
338120961,-74.16484,39.79216,29.8,33.7,-3.900000000000002,0.794417216934014,0.0247222222222222,32.1337301231736,341.8,2025-06-30 00:01:42,-1
367784630,-73.9692,40.74573,8.7,22.7,-14.0,0.1416551561629153,0.0172222222222222,8.22513809978218,216.5,2025-06-30 00:02:05,-1
338463767,-73.43445,41.04096,25.8,29.1,-3.3000000000000007,0.477335995130625,0.0180555555555555,26.437070499542312,349.6,2025-06-30 00:02:15,-1
316047555,-123.8642,49.17825,6.7,9.7,-2.999999999999999,0.2024532254949987,0.0241666666666666,8.377374848068913,96.4,2025-06-30 00:01:27,-1
367327040,-72.36002,41.09837,7.2,0.0,7.2,0.1266265064879549,0.0391666666666666,3.233017186926508,172.9,2025-06-30 00:02:29,-1
367391260,-94.78149,29.35849,10.8,8.5,2.3000000000000007,0.1858846356705786,0.0197222222222222,9.425136456536384,160.2,2025-06-30 00:01:18,-1
316037865,-82.69494,41.76346,8.7,5.0,3.6999999999999993,0.1232436792326842,0.0183333333333333,6.72238250360096,336.5,2025-06-30 00:02:08,-1
367783160,-84.61321,45.84453,6.2,10.7,-4.499999999999999,0.1436505771895423,0.02,7.1825288594771175,357.2,2025-06-30 00:02:26,-1
338491915,-70.77725,42.50337,15.8,2.8,13.0,0.1298248520769458,0.0208333333333333,6.2315928996934025,270.0,2025-06-30 00:01:24,-1
316036294,-122.99631,49.29578,31.7,37.1,-5.400000000000002,0.6037633968392861,0.0180555555555555,33.43920351725277,75.3,2025-06-30 00:01:30,-1
338500774,-70.76093,42.27877,17.5,18.8,-1.3000000000000007,0.4502610653807599,0.025,18.010442615230396,294.9,2025-06-30 00:01:43,-1
338000000,-122.98808,48.78691,1.7,0.0,1.7,1877.5358706454667,0.0230555555555555,81435.2907749841,329.4,2025-06-30 00:02:35,-1
367779910,-70.98924,42.3231,6.3,0.1,6.2,0.0550749311630764,0.0247222222222222,2.227750024573879,245.5,2025-06-30 00:01:31,-1
368057170,-74.01435,40.74222,11.8,9.7,2.1000000000000014,0.274939002492639,0.025,10.997560099705558,185.5,2025-06-30 00:01:36,-1
338448489,-72.09436,41.24358,41.2,39.2,2.0,1.3166817534188893,0.0336111111111111,39.17400258105786,271.0,2025-06-30 00:02:19,-1
367153930,-122.60472,47.17672,10.8,5.5,5.300000000000001,0.1761387992003164,0.0194444444444444,9.05856681601627,322.9,2025-06-30 00:02:28,-1
369990185,-70.95041,42.33294,28.3,29.7,-1.3999999999999986,0.4999573163094333,0.0172222222222222,29.029779656676773,359.4,2025-06-30 00:02:09,-1
369990163,-76.44635,38.16459,26.5,24.7,1.8000000000000007,0.4404186570677422,0.0172222222222222,25.572696216836647,322.4,2025-06-30 00:02:17,-1
338412928,-73.73994,40.59349,6.8,12.1,-5.3,0.1563786333773235,0.0180555555555555,8.660970463974843,95.2,2025-06-30 00:02:27,-1
368145110,-122.411,47.81425,11.9,7.9,4.0,0.2491097389496388,0.0252777777777777,9.854890771634064,209.4,2025-06-30 00:02:39,-1
367667720,-84.39719,39.04197,1.2,7.6,-6.4,0.0886342891306335,0.0194444444444444,4.55833486957544,258.0,2025-06-30 00:02:22,-1
367014000,-123.0264,48.59485,25.6,26.9,-1.2999999999999972,0.8945292032937505,0.0333333333333333,26.83587609881252,169.1,2025-06-30 00:02:26,-1
368407280,-72.29122,41.01857,34.4,7.9,26.5,0.5725122288821912,0.02,28.62561144410956,16.6,2025-06-30 00:01:42,-1
367531970,-87.6158,41.87261,6.4,0.1,6.300000000000001,0.161302385611767,0.0388888888888888,4.147775630016867,167.6,2025-06-30 00:02:28,-1
368111610,-74.1882,40.51414,3.4,10.6,-7.199999999999999,0.104068989507527,0.0183333333333333,5.676490336774204,278.4,2025-06-30 00:02:11,-1
367122220,-122.30552,37.79361,0.0,0.0,0.0,0.000765239845256,5.530277777777778,0.0001383727682415,233.4,2025-06-30 05:33:07,-1
368380150,-70.53057,41.54432,24.6,7.1,17.5,0.236109061519816,0.0252777777777777,9.340578257926788,155.2,2025-06-30 00:01:35,-1
367362770,-90.982,30.11426,8.8,0.2,8.600000000000001,0.1165607866041373,0.0247222222222222,4.714818334549375,38.4,2025-06-30 00:01:38,-1
368133760,-117.87265,33.58068,11.7,18.9,-7.199999999999999,0.3053362159959056,0.02,15.26681079979528,324.2,2025-06-30 00:02:25,-1
368420000,-123.0035,35.11429,1.0,0.7,0.3,0.0004911347402876,5.541666666666667,8.862581779627272e-05,94.5,2025-06-30 05:34:58,-1
368162020,-87.62332,41.88929,0.0,6.1,-6.1,0.114005585447601,0.0391666666666666,2.910780905045132,,2025-06-30 00:02:25,-1
338155798,-118.25919,33.71063,22.0,10.7,11.3,0.7166003946890801,0.0366666666666666,19.543647127884004,106.0,2025-06-30 00:03:18,-1
368409910,-94.77463,29.33119,11.1,19.1,-8.000000000000002,0.2829128905012611,0.0344444444444444,8.213600046810807,203.8,2025-06-30 00:03:09,-1
366709770,-122.94136,48.59422,8.2,16.1,-7.900000000000002,0.2200282026378919,0.0183333333333333,12.001538325703196,335.4,2025-06-30 00:02:09,-1
338145429,-75.98788,36.91385,18.6,20.3,-1.6999999999999993,0.3467476081501816,0.0183333333333333,18.913505899100816,161.6,2025-06-30 00:02:14,-1
369990275,-76.27227,37.0265,27.8,13.7,14.1,0.3105461062446569,0.0172222222222222,18.03170939485105,13.7,2025-06-30 00:02:17,-1
367664560,-121.74605,35.58195,1.8,1.8,0.0,0.0,5.516666666666667,0.0,155.9,2025-06-30 05:33:08,-1
338421242,-119.48189,34.04991,27.3,26.1,1.1999999999999993,0.4793630260978022,0.0180555555555555,26.549336830032125,64.5,2025-06-30 00:03:17,-1
368407280,-72.28865,41.02189,0.1,34.4,-34.3,0.230840953081748,0.0211111111111111,10.93457146176701,,2025-06-30 00:02:58,-1
366971980,-122.28444,37.79223,0.0,0.0,0.0,0.0006004046075167,5.55,0.0001081810103633,232.3,2025-06-30 05:35:00,-1
366772750,-122.67651,48.51412,13.5,10.3,3.1999999999999997,0.2141026594374323,0.0175,12.23443768213899,334.1,2025-06-30 00:03:17,-1
316020635,-123.33964,48.36549,32.6,33.5,-0.8999999999999986,1.383792007196779,0.0416666666666666,33.2110081727227,334.3,2025-06-30 00:02:54,-1
338073787,-71.31666,41.4813,0.0,0.0,0.0,1031.0036475130353,0.0288888888888888,35688.58779852815,,2025-06-30 00:02:02,-1
368207670,-89.76556,30.1949,3.7,8.1,-4.4,0.1615757587417601,0.025,6.463030349670406,19.0,2025-06-30 00:01:43,-1
316010956,-123.31883,48.26181,19.2,12.8,6.399999999999999,0.4386481216742787,0.025,17.545924866971145,5.5,2025-06-30 00:02:34,-1
338145694,-118.74649,34.01045,16.2,17.9,-1.6999999999999993,0.280963030591965,0.0169444444444444,16.581424756247113,75.6,2025-06-30 00:02:06,-1
367724740,-118.29218,33.66637,17.5,19.0,-1.5,0.3281591891239855,0.0180555555555555,18.1749704745592,33.4,2025-06-30 00:02:17,-1
366935420,-90.02616,29.96724,8.2,3.2,4.999999999999999,0.090502857535692,0.02,4.5251428767846,21.1,2025-06-30 00:02:27,-1
367376640,-82.58417,38.41194,6.5,0.0,6.5,0.0354363655247398,0.0175,2.0249351728422758,165.1,2025-06-30 00:02:22,-1
368005850,-80.11342,26.09375,9.3,5.6,3.700000000000001,0.1547038846342411,0.0175,8.840221979099491,78.2,2025-06-30 00:02:19,-1
367523580,-76.53789,39.25034,7.7,0.1,7.6,0.0299442084872826,0.0191666666666666,1.56230652977127,344.9,2025-06-30 00:01:19,-1
367402250,-73.97327,40.7151,14.6,9.1,5.5,0.2065115562854559,0.0186111111111111,11.096143322800616,201.4,2025-06-30 00:02:17,-1
368381180,-122.84873,48.46193,1.6,7.0,-5.4,0.1348584343441259,0.0252777777777777,5.335058941086299,165.8,2025-06-30 00:01:49,-1
367391260,-94.78025,29.35476,13.0,10.8,2.1999999999999997,0.2331623528531032,0.0191666666666666,12.164992322770605,170.6,2025-06-30 00:02:27,-1
369990301,-84.69411,45.8556,33.7,35.1,-1.3999999999999986,0.6072135796760687,0.0172222222222222,35.257562690868504,283.2,2025-06-30 00:02:08,-1
368088860,-87.63822,41.8826,0.3,6.7,-6.4,0.1353976199148518,0.0383333333333333,3.5321118238657,160.8,2025-06-30 00:02:19,-1
368187510,-77.02181,38.8522,4.9,8.4,-3.5,0.1173983658986501,0.0197222222222222,5.952593200494939,74.2,2025-06-30 00:02:25,-1
338474765,-73.91169,39.59489,28.0,24.4,3.6000000000000014,1.3334160663403916,0.0541666666666666,24.61691199397646,345.8,2025-06-30 00:03:19,-1
367396710,-122.19827,37.55438,11.0,7.6,3.4000000000000004,0.3695079640662492,0.0372222222222222,9.927079631630578,303.1,2025-06-30 00:02:23,-1
366972000,-122.36693,38.03317,13.9,14.2,-0.2999999999999989,0.2270035210504606,5.532777777777778,0.0410288520826216,58.9,2025-06-30 05:33:07,-1
316005011,-123.53127,48.33385,28.8,1.7,27.1,0.3189370435910555,0.025,12.757481743642222,188.2,2025-06-30 00:01:39,-1
338467214,-81.30502,29.89207,0.0,0.0,0.0,572.8942753512457,0.0244444444444444,23436.58399164187,,2025-06-30 00:02:49,-1
368172680,-123.06434,48.6152,21.7,20.4,1.3000000000000007,0.693446569535565,0.0330555555555555,20.97821554897508,300.1,2025-06-30 00:02:33,-1
367784630,-73.97063,40.74439,0.4,8.7,-8.299999999999999,0.1034605697435694,0.0172222222222222,6.007387920594355,222.1,2025-06-30 00:03:07,-1
368043070,-73.94218,40.77764,0.2,6.7,-6.5,0.0355784347390403,0.0172222222222222,2.065844597750732,166.7,2025-06-30 00:02:04,-1
367790830,-74.01992,40.71312,20.2,4.7,15.5,0.1039272181077885,0.0175,5.938698177587918,244.9,2025-06-30 00:02:06,-1
338073787,-80.15006,25.93512,0.0,0.0,0.0,1031.0033049619835,0.0211111111111111,48836.99865609396,248.9,2025-06-30 00:03:18,-1
368070250,-80.83853,32.14798,5.7,14.7,-9.0,0.4582921978348221,0.0419444444444444,10.926171604009005,242.1,2025-06-30 00:03:35,-1
316042213,-123.72652,49.33635,9.1,26.5,-17.4,0.392401858303206,0.0194444444444444,20.180666998450597,193.9,2025-06-30 00:02:14,-1
636020917,-123.43399,37.34297,1.5,1.5,0.0,0.0295476711530408,5.518611111111111,0.0053541861454143,197.7,2025-06-30 05:33:07,-1
367313850,-95.30355,28.94771,7.8,11.0,-3.2,0.1736232644173344,0.0169444444444444,10.246618883645969,224.4,2025-06-30 00:02:15,-1
219645000,-123.41713,37.46406,7.4,7.4,0.0,0.1219130416492185,5.533333333333333,0.0220324774064852,5.6,2025-06-30 05:33:07,-1
338138512,-70.90576,41.62432,8.2,22.8,-14.6,0.4019487708090424,0.0222222222222222,18.08769468640691,334.2,2025-06-30 00:02:59,-1
316040921,-123.347,48.6545,25.6,30.2,-4.599999999999998,0.5222284816645503,0.0180555555555555,28.92342359988279,234.5,2025-06-30 00:02:12,-1
366941280,-86.93578,45.33657,8.3,1.2,7.1000000000000005,0.1740955208560126,0.025,6.963820834240504,178.9,2025-06-30 00:02:37,-1
367776410,-122.37642,37.81394,17.1,1.9,15.2,0.2084629778905763,0.0169444444444444,12.30273312141106,233.0,2025-06-30 00:02:14,-1
367776410,-122.3811,37.81073,25.4,17.1,8.299999999999997,0.2939787540322643,5.545833333333333,0.0530089413732106,216.9,2025-06-30 05:34:59,-1
367162640,-122.82236,48.49897,5.6,16.1,-10.500000000000002,0.2820411689791546,0.025,11.281646759166186,103.4,2025-06-30 00:02:57,-1
368302020,-122.74894,48.19189,27.4,2.1,25.3,0.270248106763989,0.0205555555555555,13.14720519392379,325.8,2025-06-30 00:02:30,-1
366972000,-122.36356,38.03466,12.2,13.9,-1.700000000000001,0.1827615020727991,0.0311111111111111,5.874476852339972,62.0,2025-06-30 05:34:59,-1
316003125,-82.01714,45.5517,11.9,9.2,2.700000000000001,0.1956453506604748,0.0175,11.179734323455705,189.4,2025-06-30 00:02:57,-1
366801000,-122.6653,48.40469,30.4,28.4,2.0,0.5051852321717931,0.0172222222222222,29.33333606158799,263.9,2025-06-30 00:03:03,-1
367415390,-74.02195,40.71483,14.8,1.2,13.6,0.1896394039677039,0.0177777777777777,10.667216473183345,253.9,2025-06-30 00:03:22,-1
368056120,-76.79199,37.21773,11.4,0.0,11.4,0.106206527197833,0.0372222222222222,2.853309685911932,179.8,2025-06-30 00:03:31,-1
368271580,-122.94527,48.54421,33.6,31.5,2.1000000000000014,0.6780114373420788,0.0211111111111111,32.11633124251952,68.8,2025-06-30 00:02:31,-1
367733240,-82.53809,38.39993,0.1,7.5,-7.4,0.0359026806986772,0.0191666666666666,1.8731833408005516,,2025-06-30 00:02:24,-1
319008700,-80.67634,32.24562,42.7,40.0,2.700000000000003,0.7562320132781553,0.0180555555555555,41.88361919694399,322.0,2025-06-30 00:02:10,-1
338508529,-74.11694,39.78059,37.0,31.5,5.5,0.7379673198658288,0.0208333333333333,35.42243135355978,356.7,2025-06-30 00:02:50,-1
338126027,-158.12238,21.32177,13.3,9.8,3.5,0.3383974428961264,0.025,13.535897715845056,38.0,2025-06-30 00:01:35,-1
338167484,-122.19712,37.51266,0.0,0.0,0.0,0.0006004046075167,5.5744444444444445,0.0001077066268218,0.0,2025-06-30 05:34:58,-1
367509350,-88.03914,30.21255,6.6,13.1,-6.5,0.5707277024296984,0.0447222222222222,12.761613222030524,12.8,2025-06-30 00:02:49,-1
367163760,-94.77597,29.35063,8.4,4.5,3.9,0.1333147552342547,0.0197222222222222,6.759621392159397,325.3,2025-06-30 00:03:34,-1
368190660,-122.22991,47.69549,15.2,6.8,8.399999999999999,0.2556108689962391,0.0258333333333333,9.894614283725383,266.2,2025-06-30 00:02:52,-1
367509350,-88.04053,30.20739,13.0,6.6,6.4,0.3180928094147264,0.0,0.0,11.9,2025-06-30 00:01:18,-1
367733930,-86.55206,46.49709,8.1,24.5,-16.4,0.3172166648440468,0.0172222222222222,18.41903215223498,245.7,2025-06-30 00:03:08,-1
367504960,-95.40207,28.89717,8.2,4.4,3.799999999999999,0.1346026396615292,0.0177777777777777,7.571398480961019,53.5,2025-06-30 00:03:09,-1
368052630,-122.41306,37.8126,8.6,9.7,-1.0999999999999996,0.3796720143453852,5.558055555555556,0.0683102229818275,260.4,2025-06-30 05:35:29,-1
367797260,-73.99545,40.70428,7.4,18.1,-10.7,0.1784456641760464,0.0169444444444444,10.53121952514372,61.6,2025-06-30 00:03:08,-1
368413080,-122.39625,47.6247,7.8,14.5,-6.7,0.2410753082519474,0.0205555555555555,11.72798796901366,107.8,2025-06-30 00:02:39,-1
338120961,-74.16322,39.80164,30.7,29.8,0.8999999999999986,0.574068496746512,0.0172222222222222,33.333009488507145,11.8,2025-06-30 00:02:44,-1
316049288,-123.37748,49.4778,18.4,20.9,-2.5,0.4161117947569052,0.0202777777777777,20.52058165924464,0.1,2025-06-30 00:02:42,-1
338474765,-73.90703,39.58015,26.1,28.0,-1.8999999999999984,0.9108844235065414,0.0,0.0,345.8,2025-06-30 00:01:08,-1
316001247,-123.32459,49.38086,10.9,6.4,4.5,0.2047140781370428,0.0222222222222222,9.212133516166928,61.1,2025-06-30 00:02:34,-1
367350050,-122.40419,37.80722,1.4,5.1,-3.7,0.0573469442280757,5.55,0.0103327827437974,204.8,2025-06-30 05:35:28,-1
368414080,-70.28889,41.62082,8.1,4.8,3.3,0.3112431082179218,0.0497222222222222,6.2596379306397685,229.6,2025-06-30 00:03:02,-1
367675020,-71.39724,41.81244,21.0,1.8,19.2,0.1760639445305598,0.0225,7.825064201358217,161.6,2025-06-30 00:02:33,-1
367151730,-71.51355,41.37507,9.7,12.4,-2.700000000000001,0.1670188650648372,0.0180555555555555,9.250275603590987,3.9,2025-06-30 00:03:10,-1
316012198,-125.98896,49.23099,23.7,20.4,3.3000000000000007,0.8923885023747322,0.04,22.309712559368304,139.2,2025-06-30 00:02:54,-1
636015950,-121.15421,34.50107,16.5,16.4,0.1000000000000014,0.1918782208940702,5.545277777777778,0.0346020936341558,279.9,2025-06-30 05:35:00,-1
367379320,-70.93662,42.27969,32.7,31.7,1.0000000000000036,0.5622732628729619,0.0172222222222222,32.64812494101069,112.0,2025-06-30 00:03:09,-1
367638480,-124.66939,45.85634,11.8,4.8,7.000000000000001,0.1755379376734495,0.035,5.015369647812845,11.4,2025-06-30 00:03:09,-1
338106623,-70.82315,42.50452,34.5,35.2,-0.7000000000000028,1.1488976294954467,0.0327777777777777,35.05111412020007,333.6,2025-06-30 00:03:18,-1
369970573,-123.5405,38.03101,10.0,9.9,0.0999999999999996,0.1936912170089779,5.553055555555556,0.034880115113417,153.1,2025-06-30 05:35:28,-1
316042661,-123.719,49.12345,8.1,4.2,3.9,0.1782096554543798,0.0333333333333333,5.346289663631394,337.6,2025-06-30 00:03:17,-1
367031360,-84.72184,45.77221,15.6,0.6,15.0,0.0630017999781509,0.0219444444444444,2.8709681002701712,58.5,2025-06-30 00:03:18,-1
338325543,-73.8543,39.73209,29.2,30.6,-1.400000000000002,1.095128652530527,0.0363888888888888,30.095138542823644,277.8,2025-06-30 00:03:19,-1
366934770,-123.04116,37.35162,2.0,2.2,-0.2000000000000001,0.0182257891942863,5.541944444444445,0.0032886993684241,278.9,2025-06-30 05:34:59,-1
316037865,-82.69587,41.76641,11.1,8.7,2.4000000000000004,0.181950144409946,0.0175,10.397151109139774,351.9,2025-06-30 00:03:11,-1
367533950,-122.35053,37.91336,0.0,0.0,0.0,0.0004736837068111,5.5616666666666665,8.516938090701362e-05,,2025-06-30 05:34:58,-1
367112860,-74.0715,40.63653,5.4,16.6,-11.2,0.1895392107056369,0.0202777777777777,9.347139158086206,267.3,2025-06-30 00:02:38,-1
316025623,-76.47681,44.23255,0.0,6.5,-6.5,0.0836742805068371,0.0447222222222222,1.8709777007739985,139.1,2025-06-30 00:02:42,-1
367422020,-122.36726,37.92254,0.0,0.0,0.0,0.0012008092146069,5.527777777777778,0.0002172318177178,234.2,2025-06-30 05:33:07,-1
367675020,-71.39266,41.80637,25.1,21.0,4.100000000000001,0.4181281940111097,0.0172222222222222,24.278411265161207,142.6,2025-06-30 00:03:35,-1
369990301,-84.70024,45.85625,0.5,33.7,-33.2,0.2592864040380938,0.0172222222222222,15.055339589308677,262.4,2025-06-30 00:03:10,-1
367719770,-89.97079,29.92621,8.4,3.9,4.5,0.2546470155593966,0.0469444444444444,5.424433467537443,6.7,2025-06-30 00:04:01,-1
367649320,-122.66631,48.51771,10.5,6.0,4.5,0.1464564566493697,0.0194444444444444,7.532046341967588,213.1,2025-06-30 00:03:15,-1
357441000,-124.34208,37.58332,13.7,13.8,-0.1000000000000014,0.1489691429270885,5.5441666666666665,0.0268695282598085,107.0,2025-06-30 05:34:59,-1
368036550,-74.79906,38.93429,15.4,12.9,2.5,0.5054239473122705,0.0372222222222222,13.578553808389357,229.4,2025-06-30 00:03:25,-1
367127050,-97.49931,27.83199,7.2,0.6,6.6000000000000005,0.0536101706835818,0.0172222222222222,3.112848620337013,305.2,2025-06-30 00:03:35,-1
303476000,-88.92046,29.31557,8.9,0.2,8.700000000000001,0.0291692775262468,0.0194444444444444,1.500134272778409,158.3,2025-06-30 00:02:37,-1
367591990,-70.19811,43.67083,6.5,10.5,-4.0,0.3491153552653099,0.0391666666666666,8.913583538688764,244.5,2025-06-30 00:03:36,-1
338037263,-122.64032,45.38724,17.7,15.4,2.299999999999999,0.2756594581138266,0.0169444444444444,16.26842703622583,267.9,2025-06-30 00:02:45,-1
338403092,-76.24424,38.93763,7.9,2.1,5.800000000000001,0.1609230059260298,0.0333333333333333,4.827690177780894,27.9,2025-06-30 00:03:11,-1
368382390,-73.80066,40.80293,1.8,27.2,-25.4,0.6626000658936047,0.0361111111111111,18.34892490166905,317.9,2025-06-30 00:03:18,-1
368132790,-90.83031,30.01453,7.3,13.2,-5.9,0.2493435870902297,0.0,0.0,238.1,2025-06-30 00:00:51,-1
367618070,-65.30509,18.29985,11.9,3.6,8.3,0.11624174670642,0.0169444444444444,6.860168658083805,237.2,2025-06-30 00:02:54,-1
367766860,-122.51603,37.38402,10.2,10.3,-0.1000000000000014,0.1399966241110038,5.548055555555556,0.0252334575076159,346.1,2025-06-30 05:34:59,-1
311000111,-122.4155,37.92725,0.0,0.0,0.0,0.0,5.541666666666667,0.0,86.3,2025-06-30 05:34:58,-1
338493026,-80.06528,26.43697,13.3,7.1,6.200000000000001,0.2132764824176403,0.0241666666666666,8.825233755212702,180.8,2025-06-30 00:03:12,-1
367088350,-88.56435,30.37655,7.2,9.8,-2.6000000000000005,0.1707674378520096,0.0194444444444444,8.782325375246208,140.1,2025-06-30 00:03:34,-1
338101332,-75.16669,39.03627,22.5,24.4,-1.8999999999999984,0.4271980956138872,0.0180555555555555,23.660202218615293,316.0,2025-06-30 00:02:17,-1
367157570,-74.15777,40.63999,4.8,9.0,-4.2,0.1277943175495693,0.0175,7.302532431403961,205.0,2025-06-30 00:03:16,-1
338126027,-158.12131,21.32434,8.7,13.3,-4.600000000000001,0.1655028865496281,0.0169444444444444,9.767383468502642,353.4,2025-06-30 00:02:36,-1
316005724,-123.39355,48.41646,0.4,7.6,-7.199999999999999,0.0406728558086374,0.0,0.0,343.4,2025-06-30 00:01:33,-1
373721000,-127.80174,38.0899,16.7,16.7,0.0,0.0282653816276199,5.535277777777778,0.0051064070788092,123.5,2025-06-30 05:35:29,-1
368059840,-90.0564,29.95272,7.3,0.2,7.1,0.0131703993099281,0.0175,0.7525942462816059,184.8,2025-06-30 00:03:26,-1
369006000,-121.9012,35.022,9.4,9.4,0.0,0.2593129059264767,5.560833333333333,0.0466320226452528,332.9,2025-06-30 05:34:58,-1
367790830,-74.02564,40.70849,23.7,20.2,3.5,0.3808490830052883,0.0169444444444444,22.476339324902263,208.0,2025-06-30 00:03:07,-1
316032442,-123.23,49.29642,27.0,28.5,-1.5,0.7001869660035225,0.0,0.0,100.2,2025-06-30 00:01:47,-1
311000660,-80.5815,28.40953,9.8,12.2,-2.3999999999999986,0.4263723636255764,0.0,0.0,96.9,2025-06-30 00:01:17,-1
367311640,-89.7948,29.57308,12.5,0.0,12.5,0.210313453956727,0.0383333333333333,5.486437929305924,57.4,2025-06-30 00:03:35,-1
319008700,-80.68673,32.25446,42.1,42.7,-0.6000000000000014,0.7483625449073533,0.0180555555555555,41.44777171794573,312.0,2025-06-30 00:03:15,-1
367100370,-75.03396,38.78644,16.7,6.4,10.3,0.0240517872940875,0.0177777777777777,1.3529130352924237,277.6,2025-06-30 00:03:11,-1
338491915,-70.78553,42.50334,18.8,15.8,3.0,0.3665111385449154,0.0211111111111111,17.361053931074938,266.6,2025-06-30 00:02:40,-1
367362770,-90.9811,30.11548,1.9,8.8,-6.9,0.0868927155235177,0.0172222222222222,5.045383482010705,20.6,2025-06-30 00:02:40,-1
368056120,-76.79159,37.21949,0.0,11.4,-11.4,0.1073879244011424,0.0,0.0,111.9,2025-06-30 00:02:28,-1
316001249,-123.26929,49.38089,11.1,13.8,-2.700000000000001,0.4990804371743107,0.0422222222222222,11.820326143602095,193.1,2025-06-30 00:03:36,-1
338192466,-70.89603,42.27425,14.3,9.3,5.0,0.3929082913463483,0.0247222222222222,15.89291964996465,296.5,2025-06-30 00:01:30,-1
368256810,-71.33941,41.49402,3.0,8.0,-5.0,0.1378415614243457,0.025,5.513662456973829,28.1,2025-06-30 00:01:39,-1
367765240,-122.39012,37.7959,1.9,0.0,1.9,0.0867909730356641,5.5625,0.0156028715569733,352.4,2025-06-30 05:35:00,-1
316014621,-123.10659,49.28811,11.6,0.2,11.4,0.128721396735732,0.0169444444444444,7.596672594239925,43.8,2025-06-30 00:03:39,-1
338135429,-119.84554,34.18374,23.4,24.4,-1.0,0.9740952414862254,0.0416666666666666,23.37828579566941,35.0,2025-06-30 00:04:00,-1
368133760,-117.87662,33.58499,18.5,11.7,6.800000000000001,0.3261844089900813,0.0213888888888888,15.250180160575232,329.0,2025-06-30 00:03:42,-1
316040487,-123.32598,49.5521,29.2,31.6,-2.400000000000002,0.492561445999864,0.0172222222222222,28.60034202579856,153.9,2025-06-30 00:03:05,-1
367778670,-73.99179,40.70528,5.2,21.5,-16.3,0.2851293407887618,0.0172222222222222,16.555897207089398,259.1,2025-06-30 00:03:08,-1
316041197,-123.25209,48.75551,7.9,4.0,3.9,0.2704409796755191,0.05,5.408819593510383,137.5,2025-06-30 00:03:55,-1
368063440,-122.39055,37.7948,5.6,5.1,0.5,0.0074636173620055,5.5344444444444445,0.0013485757128699,53.9,2025-06-30 05:35:29,-1
367776270,-73.96544,40.73363,14.0,0.0,14.0,0.1684359946650113,0.0352777777777777,4.774563628299534,338.4,2025-06-30 00:03:23,-1
367560890,-89.91831,29.62541,0.0,6.1,-6.1,0.1250465277331481,0.0363888888888888,3.436393128544529,232.0,2025-06-30 00:03:28,-1
316014609,-123.31904,49.05515,18.6,22.9,-4.299999999999997,0.4227974544040139,0.0180555555555555,23.416474397760773,341.2,2025-06-30 00:03:43,-1
338037263,-122.64131,45.38712,12.3,17.7,-5.399999999999999,0.0423626664636075,0.0202777777777777,2.089117798205302,198.0,2025-06-30 00:03:58,-1
367779540,-73.97943,40.70881,12.3,2.1,10.2,0.0820207645194351,0.0175,4.686900829682006,197.0,2025-06-30 00:03:21,-1
366969980,-122.4764,37.85535,10.0,2.1,7.9,0.0573492087461142,0.0169444444444444,3.3845434669837897,128.6,2025-06-30 00:04:14,-1
366071000,-64.93767,18.37567,0.2,9.2,-9.0,0.1334734641455797,0.0277777777777777,4.805044709240873,156.0,2025-06-30 00:01:47,-1
215230000,-122.67773,37.75913,9.0,9.0,0.0,0.0250571470650351,5.536111111111111,0.0045261279194243,297.6,2025-06-30 05:35:30,-1
367772730,-89.71301,29.27972,7.1,1.7,5.4,0.117661937277657,0.0191666666666666,6.138883684051672,334.6,2025-06-30 00:03:24,-1
338237103,-80.01891,26.11186,2.3,34.6,-32.300000000000004,0.5746082022364808,0.0247222222222222,23.242578966868887,312.1,2025-06-30 00:01:51,-1
316042213,-123.72656,49.33457,2.0,9.1,-7.1,0.1068834776507821,0.02,5.344173882539106,179.7,2025-06-30 00:03:26,-1
368081160,-73.99321,40.70716,22.1,11.3,10.8,0.7548269720797556,0.035,21.56648491656444,271.1,2025-06-30 00:04:09,-1
338449216,-72.26445,41.04357,27.5,26.1,1.3999999999999986,0.4744922374889598,0.0183333333333333,25.88139477212508,19.9,2025-06-30 00:03:28,-1
367310330,-92.11404,29.74364,12.5,15.4,-2.9000000000000004,0.2635732788089469,0.0183333333333333,14.37672429866983,327.6,2025-06-30 00:03:22,-1
368284970,-74.72919,39.11339,2.0,7.4,-5.4,0.196627223039201,0.0333333333333333,5.898816691176031,168.9,2025-06-30 00:03:42,-1
367014000,-123.0224,48.58417,27.6,25.6,2.0,0.6606159984891783,0.025,26.42463993956713,153.8,2025-06-30 00:03:56,-1
367534580,-84.6143,45.84535,8.9,4.1,4.800000000000001,0.1343232715528766,0.0175,7.675615517307237,133.0,2025-06-30 00:03:23,-1
338241699,-73.90704,41.19304,16.8,11.8,5.0,0.3716566773544234,0.0244444444444444,15.204136800862775,305.1,2025-06-30 00:01:59,-1
367770260,-72.33093,41.11253,23.0,24.1,-1.1000000000000014,0.5834801132250547,0.0247222222222222,23.60144278213704,231.4,2025-06-30 00:03:19,-1
338463767,-73.43216,41.04845,35.8,25.8,9.999999999999996,0.4615038690319103,0.0180555555555555,25.560214284844267,45.7,2025-06-30 00:03:20,-1
338157903,-121.89134,36.60861,4.2,24.9,-20.7,0.1476297322909656,0.0247222222222222,5.971539733117711,286.5,2025-06-30 00:03:19,-1
338508529,-74.12824,39.78876,37.5,37.0,0.5,0.7158493356642318,0.0211111111111111,33.908652741989926,285.0,2025-06-30 00:04:06,-1
368111610,-74.18381,40.51392,37.0,3.4,33.6,0.2008189535762644,0.0177777777777777,11.296066138664871,81.1,2025-06-30 00:03:15,-1
368208080,-76.80762,34.96625,7.1,0.3,6.8,0.0846263531756573,0.0175,4.83579161003756,208.2,2025-06-30 00:03:34,-1
367798420,-73.96743,40.74064,19.4,0.1,19.3,0.2671123196542099,0.0366666666666666,7.284881445114816,151.0,2025-06-30 00:03:27,-1
367396790,-122.3114,37.82192,0.0,0.0,0.0,0.0,5.55,0.0,,2025-06-30 05:35:29,-1
477733900,-123.86961,37.12527,3.9,3.0,0.8999999999999999,0.0577777085037266,5.5325,0.0104433273391281,228.0,2025-06-30 05:33:07,-1
367100370,-75.04091,38.78842,21.3,16.7,4.600000000000001,0.3463045390580113,0.0172222222222222,20.108005493690985,294.7,2025-06-30 00:04:13,-1
368248520,-122.39117,37.79465,0.0,0.0,0.0,0.0,5.569166666666667,0.0,285.6,2025-06-30 05:35:28,-1
338404315,-71.29026,41.71481,16.7,4.7,12.0,0.3292334177648987,0.0513888888888888,6.406704345695326,228.7,2025-06-30 00:03:26,-1
368380150,-70.51775,41.54463,29.9,24.6,5.299999999999997,0.5763897431943732,0.0211111111111111,27.302672046049256,78.7,2025-06-30 00:02:51,-1
367104030,-120.16782,34.37721,5.3,12.9,-7.6,0.287006067107382,0.0252777777777777,11.354086171281049,128.2,2025-06-30 00:02:53,-1
369493294,-121.89365,36.60874,0.0,0.0,0.0,0.0,5.547222222222223,0.0,232.9,2025-06-30 05:35:28,-1
338422543,-122.79298,47.33454,4.0,20.5,-16.5,0.3327535675638116,0.025,13.310142702552463,92.0,2025-06-30 00:03:44,-1
368409910,-94.77348,29.3333,6.4,11.5,-5.1,0.3382562877428905,0.0,0.0,213.5,2025-06-30 00:02:07,-1
366902570,-82.71986,27.69356,0.1,6.3,-6.2,0.132300266516538,0.0352777777777777,3.7502437752719446,131.3,2025-06-30 00:04:14,-1
338249095,-119.27176,34.24359,14.9,4.6,10.3,0.3849683439923748,0.0461111111111111,8.34871107453343,187.1,2025-06-30 00:03:34,-1
367151830,-74.08789,39.79286,3.4,8.7,-5.299999999999999,0.0770182655278873,0.0222222222222222,3.4658219487549284,344.9,2025-06-30 00:04:16,-1
316040921,-123.34576,48.64884,5.5,25.6,-20.1,0.3433698583421439,0.0194444444444444,17.659021286167402,151.6,2025-06-30 00:03:22,-1
366772760,-122.49638,47.61898,11.4,14.6,-3.1999999999999997,0.4645854839114136,0.0352777777777777,13.169352299851097,332.8,2025-06-30 00:04:13,-1
316028723,-123.02624,49.29465,34.5,32.6,1.8999999999999984,0.7260814651750321,0.0222222222222222,32.673665932876446,92.3,2025-06-30 00:03:41,-1
338493026,-80.06472,26.4324,16.3,13.3,3.0,0.2760317321364172,0.0169444444444444,16.290397306411506,173.7,2025-06-30 00:04:13,-1
368302020,-122.76206,48.2065,28.6,27.4,1.2000000000000028,1.022325063026694,0.0363888888888888,28.09442921294732,322.8,2025-06-30 00:04:41,-1
368409260,-70.97764,42.36265,11.6,21.3,-9.7,0.6504894419796313,0.0325,20.015059753219425,20.7,2025-06-30 00:04:37,-1
338427575,-122.77689,37.7474,7.6,7.1,0.5,0.2472114876813976,5.566666666666666,0.0444092492840834,253.2,2025-06-30 05:36:39,-1
316008046,-123.31413,49.05901,21.4,26.2,-4.800000000000001,0.4925317452460437,0.0208333333333333,23.6415237718101,350.1,2025-06-30 00:03:51,-1
368080050,-71.06496,42.38718,19.7,6.4,13.3,0.3580824924863567,0.0255555555555555,14.011923619031348,115.3,2025-06-30 00:04:26,-1
367311640,-89.79397,29.5753,4.0,12.5,-8.5,0.1401593040515343,0.0194444444444444,7.208192779793195,344.3,2025-06-30 00:04:45,-1
338452582,-121.52793,37.93272,23.3,29.9,-6.599999999999998,0.8856999719931089,0.035,25.305713485517398,328.8,2025-06-30 00:03:14,-1
367618070,-65.30861,18.29774,16.9,11.9,4.999999999999998,0.2373009123995265,0.0169444444444444,14.004644010463862,235.5,2025-06-30 00:03:55,-1
367721890,-84.61561,45.84719,7.3,2.0,5.3,0.0769218485877128,0.0191666666666666,4.013313839358929,135.7,2025-06-30 00:04:57,-1
369970573,-123.53874,38.02812,9.7,9.7,0.0,0.2224081268182964,5.555833333333333,0.0400314612542306,153.9,2025-06-30 05:36:39,-1
316001249,-123.27028,49.37822,6.4,11.1,-4.699999999999999,0.1649127404045039,0.0183333333333333,8.995240385700212,194.3,2025-06-30 00:04:42,-1
303476000,-88.92029,29.31125,16.3,8.9,7.4,0.2595274373372649,0.0169444444444444,15.316373351051698,178.2,2025-06-30 00:03:38,-1
316001235,-123.47386,48.57819,8.4,2.9,5.5,0.2493940152177265,0.0352777777777777,7.069436651841067,316.1,2025-06-30 00:04:23,-1
368141510,-74.02655,40.64643,0.0,19.7,-19.7,0.3346281907444907,0.0341666666666666,9.79399582666802,92.4,2025-06-30 00:04:10,-1
367777710,-122.61687,48.40979,28.7,6.0,22.7,0.3315165420673266,0.025,13.260661682693064,51.1,2025-06-30 00:04:28,-1
367523580,-76.53774,39.25075,0.0,7.7,-7.7,0.02558545736048,0.0475,0.5386412075890536,93.6,2025-06-30 00:04:10,-1
368161120,-90.83029,30.01458,7.6,0.0,7.6,0.0302103829862989,0.0408333333333333,0.7398461139501777,227.3,2025-06-30 00:04:18,-1
367492920,-118.26892,33.72275,4.9,8.7,-3.799999999999999,0.2344725480516695,0.0355555555555555,6.594540413953205,338.8,2025-06-30 00:04:14,-1
367743890,-93.68443,29.48493,6.3,0.2,6.1,0.0897456832371538,0.0583333333333333,1.538497426922638,170.0,2025-06-30 00:03:41,-1
367638480,-124.66926,45.85786,7.8,11.8,-4.000000000000001,0.0914232534413422,0.0175,5.2241859109338415,346.6,2025-06-30 00:04:12,-1
368209870,-93.34149,29.77155,1.4,8.5,-7.1,0.1389511922884376,0.0361111111111111,3.847879171064428,99.8,2025-06-30 00:04:26,-1
316045082,-79.37457,43.63928,3.3,8.4,-5.1000000000000005,0.1668753423939775,0.0272222222222222,6.130114618554279,338.1,2025-06-30 00:04:13,-1
338126027,-158.12038,21.32602,4.1,8.7,-4.6,0.1134894594466417,0.0247222222222222,4.590584876493373,40.5,2025-06-30 00:04:05,-1
338457846,-117.89342,32.60382,11.9,10.3,1.5999999999999996,0.3003734531137053,0.0336111111111111,8.93673083644082,84.4,2025-06-30 00:04:29,-1
366972000,-122.35899,38.03718,6.6,12.2,-5.6,0.2638120797549765,0.0277777777777777,9.497234871179156,55.4,2025-06-30 05:36:39,-1
338519000,-123.24505,48.23105,34.4,33.9,0.5,1.1722437919282804,0.0344444444444444,34.03288428178879,234.0,2025-06-30 00:04:11,-1
338407131,-122.28221,37.61469,15.2,15.6,-0.4000000000000003,0.2521265998555602,5.550277777777778,0.0454259426194893,134.2,2025-06-30 05:36:39,-1
367199310,-118.18538,33.75388,7.3,28.1,-20.8,0.3099375135870612,0.0172222222222222,17.996371756668072,325.3,2025-06-30 00:05:12,-1
368926302,-122.6284,47.85433,13.0,9.6,3.4000000000000004,0.213209614455147,0.0191666666666666,11.123979884616368,219.2,2025-06-30 00:04:48,-1
366688000,-81.08574,32.08273,0.0,0.0,0.0,362.4855086737801,0.0655555555555555,5529.439962820374,241.3,2025-06-30 00:03:59,-1
367675020,-71.38741,41.80084,15.1,25.1,-10.000000000000002,0.4067563205802045,0.0169444444444444,24.005291050635016,146.4,2025-06-30 00:04:36,-1
338483225,-71.03419,42.35272,6.3,0.1,6.2,0.0528095625436977,0.0333333333333333,1.5842868763109337,112.1,2025-06-30 00:04:10,-1
338442681,-82.89563,27.38923,30.6,29.7,0.9000000000000021,0.5401359282152951,0.0177777777777777,30.38264596211035,50.8,2025-06-30 00:04:18,-1
338452582,-121.53319,37.93776,22.2,23.3,-1.1000000000000014,0.3919333187464697,0.0172222222222222,22.757418507859533,352.6,2025-06-30 00:04:16,-1
367719610,-95.10424,29.74784,9.8,6.0,3.8000000000000007,0.1488836958327151,0.0175,8.507639761869436,126.5,2025-06-30 00:03:18,-1
367649320,-122.67002,48.51441,14.2,10.5,3.6999999999999993,0.2470393915214776,0.0194444444444444,12.704882992533134,217.8,2025-06-30 00:04:25,-1
367396670,-122.20226,37.56265,10.7,10.7,0.0,0.1788600417899043,5.55,0.0322270345567395,302.9,2025-06-30 05:35:30,-1
368111610,-74.17092,40.51637,30.9,37.0,-6.100000000000001,0.6064714462873687,0.0188888888888888,32.10731186227246,74.4,2025-06-30 00:04:23,-1
368063640,-89.91606,35.65346,1.0,7.9,-6.9,0.0736598262384527,0.0175,4.209132927911585,187.2,2025-06-30 00:04:42,-1
366709770,-122.94302,48.59659,1.2,8.2,-6.999999999999999,0.1568221334070276,0.0347222222222222,4.516477442122396,321.2,2025-06-30 00:04:14,-1
367384780,-122.92735,46.08992,6.7,0.0,6.7,0.068002877073538,0.0388888888888888,1.7486454104624074,95.1,2025-06-30 00:04:31,-1
338474765,-73.91385,39.60203,25.2,26.3,-1.1000000000000014,0.8965654590511187,0.0358333333333333,25.020431415380056,344.3,2025-06-30 00:04:23,-1
368148690,-74.01982,40.71255,17.7,0.0,17.7,0.1256783952354808,0.0483333333333333,2.600242660044431,250.7,2025-06-30 00:04:25,-1
367688340,-80.00586,40.43612,5.9,0.0,5.9,0.0777710134992114,0.0580555555555555,1.339596404771107,117.2,2025-06-30 00:04:48,-1
538008981,-122.29307,37.7936,0.0,0.0,0.0,0.0015448117025087,5.583333333333333,0.0002766826929866,234.9,2025-06-30 05:35:28,-1
367782940,-70.91914,42.2598,9.2,1.2,7.999999999999999,0.3275667449713967,0.0527777777777777,6.206527799458044,327.8,2025-06-30 00:05:24,-1
366990560,-74.00601,40.76972,14.5,3.0,11.5,0.3857201129686513,0.0363888888888888,10.59994203577973,190.9,2025-06-30 00:05:41,-1
338467214,-84.42174,39.08344,0.0,0.0,0.0,572.8942753512457,0.0252777777777777,22663.94935455477,,2025-06-30 00:04:20,-1
366952890,-74.06479,40.64368,11.6,1.0,10.6,0.2753543676483151,0.0352777777777777,7.805320657747517,96.0,2025-06-30 00:04:22,-1
368084470,-90.90207,30.07238,10.6,0.5,10.1,0.2999646886791666,0.0525,5.713613117698412,122.4,2025-06-30 00:05:31,-1
367379320,-70.93107,42.26469,22.9,32.1,-9.200000000000005,0.4840859900948672,0.0172222222222222,28.108218779701968,103.4,2025-06-30 00:05:13,-1
367338290,-122.41747,37.82575,10.4,10.4,0.0,0.0,5.533333333333333,0.0,309.9,2025-06-30 05:36:39,-1
368011730,-122.67442,48.7261,10.1,0.1,10.0,0.4242305838855718,0.0572222222222222,7.413738359165332,22.1,2025-06-30 00:04:00,-1
368130870,-74.02468,40.69367,25.4,24.2,1.1999999999999993,0.4203582161032795,0.0172222222222222,24.407896418900105,224.8,2025-06-30 00:04:17,-1
338463767,-73.42167,41.05599,32.4,35.8,-3.3999999999999986,0.6561453625138454,0.0180555555555555,36.34035853922836,44.9,2025-06-30 00:04:25,-1
367791550,-74.01767,40.71466,0.2,6.7,-6.5,0.0254277239598927,0.0172222222222222,1.4764484879937714,206.2,2025-06-30 00:04:07,-1
367719770,-89.97116,29.92749,0.0,9.2,-9.2,0.1914629861360363,0.0497222222222222,3.8506522351381607,,2025-06-30 00:05:12,-1
338241699,-73.91742,41.19864,3.9,16.8,-12.9,0.5770288007611186,0.0336111111111111,17.167799030909315,274.5,2025-06-30 00:04:00,-1
369990185,-70.93317,42.35339,26.5,28.8,-2.3000000000000007,0.9723403070367502,0.035,27.781151629621437,32.5,2025-06-30 00:05:17,-1
369990185,-70.93901,42.34616,29.4,26.5,2.8999999999999986,0.5055571168519543,0.0,0.0,27.0,2025-06-30 00:04:15,-1
368102270,-90.19138,38.60545,0.1,5.8,-5.7,0.1076764795256322,0.0369444444444444,2.914551325505836,123.3,2025-06-30 00:05:48,-1
367513470,-122.95948,48.49188,12.2,10.3,1.8999999999999984,0.2754455801898967,0.025,11.01782320759587,10.2,2025-06-30 00:03:50,-1
367779550,-73.96522,40.72091,2.2,19.8,-17.6,0.1600614656105191,0.0169444444444444,9.44625042947326,108.7,2025-06-30 00:04:14,-1
338120961,-74.15875,39.81448,33.6,30.7,2.900000000000002,0.7980114774731232,0.0247222222222222,32.27911594273307,17.5,2025-06-30 00:04:13,-1
368056120,-76.79086,37.21396,13.9,0.0,13.9,0.3338533276784627,0.0352777777777777,9.463558894822569,150.5,2025-06-30 00:04:35,-1
368152730,-73.97739,40.70544,6.3,21.4,-15.099999999999998,0.4132441914193649,0.0341666666666666,12.094951943981414,161.3,2025-06-30 00:04:06,-1
368025020,-74.00358,40.69658,10.2,1.2,9.0,0.2543008451524937,0.0341666666666666,7.442951565438841,20.5,2025-06-30 00:05:25,-1
368209880,-93.34526,29.77479,9.5,1.1,8.4,0.1267401093253199,0.0177777777777777,7.129131149549246,156.5,2025-06-30 00:05:35,-1
367779540,-73.98624,40.70603,6.3,12.3,-6.000000000000001,0.1821630480454356,0.0183333333333333,9.936166257023764,264.4,2025-06-30 00:05:28,-1
316005011,-123.53097,48.31055,22.4,28.8,-6.400000000000002,1.3989940045437093,0.0497222222222222,28.13619227015281,180.0,2025-06-30 00:04:38,-1
369579000,-81.4623,30.38534,8.1,11.0,-2.9000000000000004,0.1735383332109839,0.0194444444444444,8.924828565136316,132.5,2025-06-30 00:04:38,-1
316006075,-123.8601,49.15633,1.2,7.9,-6.7,0.1022465697900457,0.0186111111111111,5.493845540957682,150.5,2025-06-30 00:03:33,-1
338490728,-71.28747,41.72536,7.1,0.1,7.0,0.1500340883897508,0.0633333333333333,2.3689592903644865,199.2,2025-06-30 00:05:42,-1
338120961,-74.16285,39.82595,13.8,33.6,-19.8,0.7141467152877536,0.025,28.565868611510144,285.4,2025-06-30 00:05:43,-1
367031360,-84.71497,45.77641,21.2,15.6,5.6,0.3825698653062484,0.02,19.12849326531242,42.2,2025-06-30 00:04:30,-1
368190660,-122.23845,47.69604,17.7,15.2,2.5,0.3466884681832722,0.0197222222222222,17.578570217743383,291.9,2025-06-30 00:04:03,-1
338192466,-70.91439,42.28029,24.7,14.3,10.4,0.8926080126956141,0.0430555555555555,20.73154094002717,239.4,2025-06-30 00:04:05,-1
367733930,-86.55592,46.49531,22.1,8.1,14.000000000000002,0.1920290155632076,0.0172222222222222,11.150071871412056,220.5,2025-06-30 00:04:10,-1
338330801,-123.03572,48.37343,20.4,1.5,18.9,0.2975935853628875,0.0586111111111111,5.077426100978176,30.7,2025-06-30 00:05:48,-1
367041710,-76.78418,37.18818,10.4,0.0,10.4,0.1455575948989787,0.0363888888888888,4.000056043025371,19.1,2025-06-30 00:05:50,-1
369990275,-76.26424,37.04953,24.6,27.2,-2.599999999999998,0.95250871554352,0.0355555555555555,26.789307624661497,18.1,2025-06-30 00:05:27,-1
367721870,-84.6127,45.84562,13.5,1.9,11.6,0.2025013954786253,0.0252777777777777,8.011044216736826,145.5,2025-06-30 00:05:23,-1
316029572,-123.40903,49.45666,24.3,4.1,20.200000000000003,0.7602463852796735,0.0652777777777777,11.64632760428436,164.1,2025-06-30 00:04:40,-1
316028723,-123.00952,49.29487,36.0,34.5,1.5,0.6548291010080372,0.0180555555555555,36.2674579019836,87.1,2025-06-30 00:04:46,-1
367679690,-123.1598,48.62378,9.9,28.2,-18.3,1.102833809590101,0.0497222222222222,22.179897846504826,169.0,2025-06-30 00:04:18,-1
369990275,-76.26687,37.04244,28.6,24.6,4.0,0.4439523795538941,0.0,0.0,12.1,2025-06-30 00:04:25,-1
366776000,-70.55719,41.46071,5.6,11.4,-5.800000000000001,0.3014740547878219,0.0355555555555555,8.478957790907494,244.9,2025-06-30 00:05:42,-1
338404315,-71.2878,41.71716,6.5,16.7,-10.2,0.1790615482748174,0.0,0.0,190.2,2025-06-30 00:02:22,-1
366801000,-122.67841,48.40369,28.4,30.4,-2.0,0.5259914463159333,0.0172222222222222,30.541438818344517,264.6,2025-06-30 00:04:05,-1
368256040,-90.32616,29.9328,1.8,9.0,-7.2,0.1213290147204149,0.0197222222222222,6.151893704133715,102.3,2025-06-30 00:04:32,-1
338452582,-121.52603,37.92517,31.6,22.2,9.400000000000002,0.8284746404978326,0.0,0.0,4.6,2025-06-30 00:02:12,-1
338500774,-70.77693,42.2839,20.0,18.7,1.3000000000000007,0.3843594715652501,0.0205555555555555,18.698568886958117,293.5,2025-06-30 00:04:13,-1
338525659,-70.66802,42.60824,9.4,4.4,5.0,0.0584155311035039,0.0191666666666666,3.047766840182815,213.6,2025-06-30 00:05:01,-1
338448489,-72.12503,41.24647,44.5,41.2,3.299999999999997,1.3954043516888086,0.0330555555555555,42.21391316033371,286.9,2025-06-30 00:04:18,-1
316048233,-123.49775,49.40247,1.8,7.5,-5.7,0.4134985961109533,0.0677777777777777,6.100798959014066,255.6,2025-06-30 00:04:33,-1
316014609,-123.31994,49.06247,27.6,18.6,9.0,0.440920284287806,0.0177777777777777,24.80176599118909,358.1,2025-06-30 00:04:47,-1
368380150,-70.50105,41.54754,31.5,29.9,1.6000000000000014,0.7704959813453773,0.025,30.819839253815093,74.4,2025-06-30 00:04:21,-1
367784930,-122.96663,48.80187,8.7,11.3,-2.6000000000000014,0.2416323207580159,0.0241666666666666,9.998578789986864,247.1,2025-06-30 00:04:45,-1
366943960,-118.31788,33.34597,15.3,4.8,10.5,0.1726028609207319,0.0194444444444444,8.876718561637642,82.0,2025-06-30 00:04:44,-1
338160995,-73.60174,39.9536,29.5,28.1,1.3999999999999986,1.0141254690139248,0.0336111111111111,30.172328003720075,293.2,2025-06-30 00:05:42,-1
368302020,-122.76892,48.21403,27.4,28.6,-1.2000000000000028,0.5288998222880874,0.0180555555555555,29.292913234417156,334.3,2025-06-30 00:05:46,-1
368098930,-73.95218,40.75649,15.0,0.0,15.0,0.0298385075767588,0.0172222222222222,1.7325585044569682,199.1,2025-06-30 00:04:20,-1
338112876,-83.41254,41.82843,0.0,0.0,0.0,588.1184194101277,0.0258333333333333,22765.87429974688,240.1,2025-06-30 00:04:48,-1
316019344,-122.56314,45.59823,3.2,7.8,-4.6,0.1859640975990481,0.025,7.438563903961925,288.5,2025-06-30 00:04:52,-1
338500774,-70.78482,42.28642,18.4,20.0,-1.6000000000000014,0.3817257179198722,0.0208333333333333,18.322834460153867,294.6,2025-06-30 00:05:28,-1
368145110,-122.4129,47.80937,5.5,11.1,-5.6,0.1148819695841897,0.0169444444444444,6.779919516443981,169.6,2025-06-30 00:04:42,-1
367776270,-73.96779,40.74075,9.8,13.4,-3.6,0.2084424578806059,0.0175,11.91099759317748,343.7,2025-06-30 00:05:27,-1
367618070,-65.31373,18.29439,20.1,16.9,3.200000000000003,0.3544597942653898,0.0183333333333333,19.334170596293998,232.1,2025-06-30 00:05:01,-1
367733930,-86.56154,46.48964,23.5,22.1,1.3999999999999986,0.4121362947310782,0.0172222222222222,23.930494532772283,211.1,2025-06-30 00:05:12,-1
316008046,-123.31418,49.06967,26.3,21.4,4.900000000000002,0.6400343338541254,0.025,25.601373354165016,0.8,2025-06-30 00:05:21,-1
368094230,-73.23682,40.71038,18.0,6.1,11.9,0.1948362223727479,0.0255555555555555,7.624026092846656,200.9,2025-06-30 00:04:20,-1
316032376,-122.89462,49.21053,8.8,0.4,8.4,0.0807814549483627,0.02,4.039072747418137,178.3,2025-06-30 00:05:42,-1
366943970,-118.32222,33.34433,0.3,7.1,-6.8,0.0334799787960716,0.0225,1.4879990576031836,229.8,2025-06-30 00:05:55,-1
368081160,-74.00058,40.70469,18.3,22.4,-4.099999999999998,0.7228767001401248,0.0347222222222222,20.818848964035595,236.0,2025-06-30 00:05:12,-1
367721890,-84.6133,45.84578,13.3,7.3,6.000000000000001,0.1284546847279878,0.0169444444444444,7.580932213455021,132.7,2025-06-30 00:05:58,-1
319008700,-80.70326,32.27369,39.4,42.1,-2.700000000000003,1.4273593561953484,0.0361111111111111,39.5268744792558,341.7,2025-06-30 00:05:25,-1
368045380,-97.06847,27.84188,7.8,0.0,7.8,0.0995821373983296,0.0675,1.475290924419698,13.7,2025-06-30 00:06:14,-1
338132203,-122.60165,45.60392,8.8,5.0,3.8000000000000007,0.1388230906009001,0.0177777777777777,7.808798846300632,18.7,2025-06-30 00:05:23,-1
367376640,-82.58419,38.40826,0.0,5.8,-5.8,0.0142765560236173,0.0180555555555555,0.7907015643849606,47.3,2025-06-30 00:05:32,-1
367354360,-72.08799,41.35036,9.8,7.2,2.6000000000000005,0.2139995616818283,0.0241666666666666,8.85515427648945,169.5,2025-06-30 00:05:13,-1
338106623,-70.83218,42.50787,1.3,34.5,-33.2,0.447442629257367,0.025,17.897705170294678,297.1,2025-06-30 00:04:48,-1
368133760,-117.87828,33.58956,5.0,18.5,-13.5,0.2866715600970209,0.0205555555555555,13.946184004719935,346.5,2025-06-30 00:04:56,-1
368271580,-122.91596,48.55698,33.3,34.0,-0.7000000000000028,0.7109139407322441,0.0208333333333333,34.12386915514772,46.9,2025-06-30 00:05:00,-1
367182110,-82.81728,41.65779,6.8,0.0,6.8,0.1641290833893115,0.0586111111111111,2.800306636026168,351.3,2025-06-30 00:04:46,-1
338404315,-71.29768,41.70081,28.8,6.5,22.3,1.07692613497657,0.0555555555555555,19.38467042957826,190.7,2025-06-30 00:05:42,-1
316034816,-123.25818,48.45722,29.7,27.6,2.099999999999998,1.183545138128702,0.0419444444444444,28.21697018055184,185.7,2025-06-30 00:06:10,-1
338073787,-71.31667,41.4813,0.0,0.0,0.0,1031.0030945665894,0.0266666666666666,38662.6160462471,,2025-06-30 00:04:54,-1
316027733,-123.14646,49.31891,6.0,22.6,-16.6,0.5675445303168731,0.0566666666666666,10.015491711474231,124.2,2025-06-30 00:05:32,-1
316027733,-123.14393,49.31802,15.1,6.0,9.1,0.1125166892975146,0.0172222222222222,6.533227120500848,123.4,2025-06-30 00:06:34,-1
368298610,-122.58949,48.66154,23.1,2.6,20.5,0.454778472858855,0.0425,10.700669949620115,25.2,2025-06-30 00:06:17,-1
367518780,-122.62764,47.55257,17.7,5.1,12.6,0.5100981655871853,0.0344444444444444,14.809301581563446,34.5,2025-06-30 00:05:34,-1
368031260,-88.79925,29.24308,8.6,3.1,5.5,0.0896568907477688,0.0172222222222222,5.205883978902707,95.1,2025-06-30 00:05:30,-1
367709050,-125.04629,42.76451,9.5,5.4,4.1,0.1353848026203162,0.0,0.0,209.6,2025-06-30 00:05:13,-1
338455843,-80.12388,25.90005,17.7,7.1,10.6,0.1857791678713416,0.0255555555555555,7.269619612356846,89.3,2025-06-30 00:06:00,-1
369990163,-76.43986,38.18742,5.2,27.0,-21.8,0.4347614332496266,0.0183333333333333,23.71425999543418,12.6,2025-06-30 00:05:45,-1
367798420,-73.96478,40.73241,7.9,19.2,-11.3,0.1826380577902085,0.0172222222222222,10.60479045233469,167.3,2025-06-30 00:05:30,-1
367691010,-70.09131,41.29203,9.4,6.7,2.7,0.2430021572664285,0.0355555555555555,6.834435673118302,310.5,2025-06-30 00:05:33,-1
367300590,-79.89337,32.83678,9.9,7.1,2.8000000000000007,0.1480053348062114,0.0172222222222222,8.593858150038082,229.6,2025-06-30 00:05:57,-1
367313850,-95.30375,28.94116,6.4,10.6,-4.199999999999999,0.1574993416609886,0.0183333333333333,8.590873181508472,149.0,2025-06-30 00:05:34,-1
367151730,-71.51197,41.37933,4.4,9.2,-4.799999999999999,0.1110939494599473,0.0172222222222222,6.450616420255005,90.6,2025-06-30 00:05:13,-1
367402210,-74.01155,40.69806,11.7,7.8,3.9,0.2004443144245816,0.0197222222222222,10.163373689133715,263.9,2025-06-30 00:05:41,-1
366688000,-80.1136,26.10535,0.0,0.0,0.0,362.484392822669,0.0338888888888888,10696.260771816462,,2025-06-30 00:06:01,-1
338525659,-70.67579,42.59528,55.9,9.4,46.5,0.8505259244160817,0.0172222222222222,49.38537625641764,202.5,2025-06-30 00:06:03,-1
367324580,-70.66947,41.50954,13.2,14.9,-1.700000000000001,0.253521447083242,0.0183333333333333,13.828442568176834,327.7,2025-06-30 00:05:28,-1
366943960,-118.31028,33.34594,25.9,15.3,10.599999999999998,0.3811883655655578,0.0169444444444444,22.496362557967345,92.2,2025-06-30 00:05:45,-1
316032442,-123.1983,49.29114,3.5,27.0,-23.5,1.281126085782802,0.0583333333333333,21.96216147056232,115.2,2025-06-30 00:05:17,-1
316014609,-123.3205,49.06988,26.1,27.6,-1.5,0.4454448640466621,0.0169444444444444,26.2885493535735,348.2,2025-06-30 00:05:48,-1
368059840,-90.06204,29.94999,2.3,8.4,-6.1000000000000005,0.2671597916106125,0.0352777777777777,7.573033462977993,184.5,2025-06-30 00:06:36,-1
368059840,-90.06066,29.95064,10.9,2.3,8.600000000000001,0.0817130480165626,0.0,0.0,278.4,2025-06-30 00:05:33,-1
316049288,-123.37544,49.47591,6.9,18.4,-11.499999999999998,0.138601835651968,0.0669444444444444,2.070400864510725,133.1,2025-06-30 00:06:43,-1
368116140,-74.04485,40.62588,17.7,20.8,-3.1000000000000014,0.3422988872298133,0.0177777777777777,19.254312406677,3.8,2025-06-30 00:05:21,-1
367364840,-87.61232,41.88917,6.2,0.0,6.2,0.0847325290482501,0.0388888888888888,2.1788364612407176,190.9,2025-06-30 00:04:45,-1
367415390,-74.03172,40.71421,5.8,14.2,-8.399999999999999,0.1921751878293173,0.0183333333333333,10.482282972508218,212.2,2025-06-30 00:05:34,-1
338463767,-73.414,41.06338,22.6,32.4,-9.799999999999995,0.5634200019743313,0.0180555555555555,31.20480010934758,32.8,2025-06-30 00:05:30,-1
368148690,-74.02805,40.70598,22.8,17.7,5.100000000000001,0.5439703887743552,0.0255555555555555,21.285797821605204,213.6,2025-06-30 00:05:57,-1
366898190,-72.23894,41.15283,7.1,0.5,6.6,0.0948817224523986,0.0197222222222222,4.810904237023032,142.0,2025-06-30 00:05:58,-1
368043070,-73.94151,40.77713,14.9,0.1,14.8,0.0432736048075736,0.0175,2.472777417575638,157.8,2025-06-30 00:05:23,-1
356581000,-128.32381,36.10408,15.3,15.3,0.0,0.098050252774904,5.539722222222222,0.017699489043256,123.8,2025-06-30 05:36:39,-1
316052438,-123.1077,49.29117,5.3,8.8,-3.500000000000001,0.2175638046054291,0.0386111111111111,5.634746018557879,233.5,2025-06-30 00:05:45,-1
368409910,-94.7791,29.32111,11.5,6.4,5.1,0.7888032097247173,0.0736111111111111,10.71581718871314,199.8,2025-06-30 00:06:32,-1
316016374,-125.90392,49.1551,4.5,28.4,-23.9,1.347078984955707,0.0736111111111111,18.29994092770017,191.8,2025-06-30 00:05:57,-1
368303370,-90.33289,29.93152,7.0,0.0,7.0,0.0379414195786234,0.0197222222222222,1.9237902884935807,276.3,2025-06-30 00:05:56,-1
338421242,-119.46623,34.05669,11.4,26.6,-15.2,0.3789908161340167,0.0177777777777777,21.318233407538443,61.6,2025-06-30 00:05:27,-1
338449216,-72.2553,41.05905,28.5,27.5,1.0,1.01758104928339,0.0358333333333333,28.397610677676003,19.1,2025-06-30 00:05:37,-1
367675020,-71.38538,41.79873,9.2,15.1,-5.9,0.1559000194368807,0.0175,8.908572539250327,145.7,2025-06-30 00:05:39,-1
367649320,-122.67385,48.51103,10.5,14.2,-3.6999999999999993,0.2537501461738255,0.0183333333333333,13.840917064026849,215.6,2025-06-30 00:05:31,-1
316028554,-123.08542,49.30792,12.7,0.0,12.7,0.1239150031674311,0.0369444444444444,3.3540903112988887,220.1,2025-06-30 00:05:42,-1
538072348,-124.44841,42.27127,8.8,4.9,3.9,0.1410770454854794,0.0186111111111111,7.580259160413819,348.2,2025-06-30 00:05:25,-1
366772760,-122.50424,47.62185,7.9,12.9,-5.0,0.5360669378377381,0.0552777777777777,9.697693347818376,280.0,2025-06-30 00:06:31,-1
367014000,-123.01543,48.57386,26.4,27.6,-1.2000000000000028,0.678111228385659,0.025,27.12444913542636,158.5,2025-06-30 00:05:26,-1
368353060,-74.00788,40.76082,9.8,3.3,6.500000000000001,0.1397768282886715,0.0194444444444444,7.188522597703108,255.0,2025-06-30 00:05:51,-1
367402250,-73.98644,40.7081,9.7,15.0,-5.300000000000001,0.2400279843429148,0.0186111111111111,12.897026024395425,260.4,2025-06-30 00:05:35,-1
338325543,-73.8774,39.73469,30.5,29.2,1.3000000000000007,1.077953600568848,0.0358333333333333,30.082426062386457,278.9,2025-06-30 00:05:28,-1
367031360,-84.70803,45.78039,23.3,21.2,2.1000000000000014,0.3762383959980361,0.0169444444444444,22.20423320644148,44.7,2025-06-30 00:05:31,-1
368298060,-122.48861,47.79214,14.1,3.6,10.5,0.4336550989835944,0.0502777777777777,8.625184289176465,102.2,2025-06-30 00:05:39,-1
368298060,-122.49401,47.79255,10.4,14.1,-3.6999999999999993,0.2192029340858766,0.0,0.0,99.8,2025-06-30 00:04:38,-1
338491915,-70.8035,42.50351,21.0,17.9,3.1000000000000014,0.4185647285474778,0.0205555555555555,20.36260841582325,267.1,2025-06-30 00:05:08,-1
367675020,-71.38305,41.79609,18.7,9.2,9.5,0.1897399274497489,0.0172222222222222,11.01715707772736,144.6,2025-06-30 00:06:41,-1
368011730,-122.67006,48.73102,2.7,10.1,-7.399999999999999,0.1725504453380323,0.0247222222222222,6.979568575470972,354.1,2025-06-30 00:06:30,-1
338101332,-75.17941,39.04574,17.8,23.6,-5.800000000000001,0.3971411717589773,0.0177777777777777,22.339190911442472,299.9,2025-06-30 00:04:27,-1
338249095,-119.27576,34.23354,22.3,14.9,7.4,0.6352311406129854,0.0305555555555555,20.789382783697704,186.3,2025-06-30 00:05:24,-1
338476359,-75.35425,36.93935,20.7,22.3,-1.6000000000000014,0.7080311279302822,0.0338888888888888,20.892721807778816,269.4,2025-06-30 00:06:09,-1
338508529,-74.15265,39.79166,35.3,37.5,-2.200000000000003,1.139528050802982,0.0361111111111111,31.55616140685181,265.7,2025-06-30 00:06:16,-1
235088654,-122.49739,48.75238,5.2,21.8,-16.6,0.6131826524328837,0.0322222222222222,19.029806454813635,32.4,2025-06-30 00:06:22,-1
368298610,-122.58984,48.65625,9.8,23.1,-13.3,0.3179172071704423,0.0,0.0,336.5,2025-06-30 00:05:14,-1
338467214,-81.30502,29.89208,0.0,0.0,0.0,572.8936947315386,0.0247222222222222,23173.22810150044,,2025-06-30 00:05:49,-1
316051368,-123.36595,48.4022,19.6,1.4,18.200000000000003,0.2665660018834803,0.0494444444444444,5.391222510002972,293.2,2025-06-30 00:04:32,-1
367547820,-65.62218,18.22333,10.6,6.7,3.9,0.152419613931805,0.0172222222222222,8.850171131524164,179.6,2025-06-30 00:05:18,-1
316008045,-123.31288,49.07908,27.3,28.5,-1.1999999999999993,0.9371426907179444,0.0333333333333333,28.11428072153833,357.0,2025-06-30 00:05:55,-1
366894540,-157.48975,21.2654,3.5,8.8,-5.300000000000001,0.2501968562015463,0.0411111111111111,6.085869475172749,276.5,2025-06-30 00:06:06,-1
338000000,-122.98901,48.79016,7.8,1.0,6.8,0.1777450687482726,0.0413888888888888,4.294511728146185,0.3,2025-06-30 00:06:05,-1
367591990,-70.19931,43.67043,0.1,8.4,-8.3,0.212481560548777,0.0388888888888888,5.463811556968553,,2025-06-30 00:04:46,-1
367152790,-87.63829,41.87902,6.6,0.2,6.4,0.2210365915425487,0.0383333333333333,5.76617195328388,167.9,2025-06-30 00:04:47,-1
316001416,-123.14029,49.31538,9.8,0.5,9.3,0.1119470137395487,0.0247222222222222,4.528193814183994,113.1,2025-06-30 00:07:07,-1
367390720,-92.25573,29.66649,8.9,12.9,-4.0,0.4308696722014512,0.0388888888888888,11.079505856608746,12.8,2025-06-30 00:05:57,-1
368013770,-74.04701,40.60854,9.0,31.3,-22.3,0.8261118200729413,0.0344444444444444,23.983891550504747,351.5,2025-06-30 00:06:12,-1
368054090,-73.94176,40.77341,11.3,9.2,2.1000000000000014,0.2545647097565482,0.0244444444444444,10.414010853676972,37.2,2025-06-30 00:05:56,-1
367777710,-122.60154,48.41205,24.3,28.7,-4.399999999999999,0.6258468047105772,0.0252777777777777,24.75877469184701,102.4,2025-06-30 00:05:59,-1
368054610,-66.1129,18.45974,0.8,7.7,-6.9,0.0893258631308261,0.0413888888888888,2.1582087736306983,209.2,2025-06-30 00:05:59,-1
316039686,-123.48309,48.37324,4.9,27.2,-22.3,0.297684670394433,0.0172222222222222,17.284916345483207,34.1,2025-06-30 00:06:11,-1
316005011,-123.52859,48.30382,7.4,22.4,-14.999999999999998,0.4151000906881912,0.0416666666666666,9.96240217651659,179.1,2025-06-30 00:07:08,-1
338155798,-118.25191,33.70022,16.5,21.9,-5.399999999999999,0.5910627947599212,0.0355555555555555,16.623641102622784,185.5,2025-06-30 00:06:32,-1
367619730,-90.05506,29.95784,10.6,12.6,-2.0,0.2753384486946753,0.0413888888888888,6.6524725859116165,63.5,2025-06-30 00:08:00,-1
366969980,-122.47141,37.85297,15.4,10.0,5.4,0.2763678004102233,0.0183333333333333,15.074607295103087,121.4,2025-06-30 00:05:20,-1
316011407,-123.88796,49.1752,17.7,21.2,-3.5,0.3965790119346922,0.02,19.82895059673461,185.7,2025-06-30 00:05:44,-1
367004280,-91.01202,30.1725,7.6,0.0,7.6,0.0399720907152755,0.0197222222222222,2.026753895422422,87.2,2025-06-30 00:05:49,-1
316028723,-122.99396,49.29622,33.9,36.0,-2.1000000000000014,0.6146326551935256,0.0180555555555555,34.04119321071835,75.5,2025-06-30 00:05:51,-1
367434210,-74.02077,40.75276,11.0,0.0,11.0,0.0759676077833373,0.0191666666666666,3.963527362608903,85.7,2025-06-30 00:05:29,-1
367747610,-89.90343,29.89867,1.6,14.8,-13.2,0.3899430803270425,0.0352777777777777,11.053504639191758,5.6,2025-06-30 00:06:33,-1
316052439,-123.90918,49.1693,15.3,7.2,8.100000000000001,0.3354225769822175,0.0388888888888888,8.625151979542736,41.9,2025-06-30 00:06:42,-1
338455843,-80.11738,25.89854,19.1,17.7,1.400000000000002,0.362583670671977,0.0205555555555555,17.639205600258343,152.5,2025-06-30 00:07:14,-1
368111610,-74.15489,40.52078,32.3,30.9,1.3999999999999986,0.7780860012700724,0.0244444444444444,31.83079096104841,67.6,2025-06-30 00:05:51,-1
367531970,-87.6157,41.86865,0.2,6.5,-6.3,0.1144273936968643,0.0388888888888888,2.942418695062226,104.0,2025-06-30 00:05:58,-1
338101332,-75.18243,39.04762,6.8,17.8,-11.0,0.1804757670402715,0.0180555555555555,9.995580943768884,327.4,2025-06-30 00:05:32,-1
311000660,-80.56593,28.40335,12.9,9.8,3.1,0.902113720959262,0.0780555555555555,11.557328809442504,128.9,2025-06-30 00:05:58,-1
367317270,-90.58519,30.05235,10.5,13.1,-2.6,0.2232651598304461,0.0186111111111111,11.996336946113525,66.6,2025-06-30 00:05:28,-1
368380150,-70.48879,41.55014,33.0,31.5,1.5,0.5725781472646234,0.0177777777777777,32.20752078363507,70.5,2025-06-30 00:05:25,-1
367513230,-122.84401,45.99198,8.8,0.1,8.700000000000001,0.187522071422476,0.0358333333333333,5.233174086208633,281.2,2025-06-30 00:06:31,-1
338241699,-73.92405,41.20083,17.9,3.9,13.999999999999998,0.3271050474582951,0.0333333333333333,9.813151423748854,304.7,2025-06-30 00:06:00,-1
338341699,-75.08114,38.68593,40.2,2.8,37.400000000000006,0.2225297272933961,0.0305555555555555,7.282791075056602,236.0,2025-06-30 00:06:12,-1
316011408,-123.15193,48.99576,10.5,8.3,2.1999999999999997,0.4793478925242147,0.0588888888888888,8.139869873052703,74.6,2025-06-30 00:05:47,-1
338135429,-119.83741,34.1946,25.4,23.4,2.0,0.7669346010909546,0.0333333333333333,23.00803803272864,31.6,2025-06-30 00:06:00,-1
338525659,-70.68371,42.5823,45.1,55.9,-10.799999999999995,0.8543490343493252,0.0177777777777777,48.05713318214954,204.6,2025-06-30 00:07:07,-1
368074990,-73.54515,41.01035,10.2,6.1,4.1,0.4857817763119351,0.0419444444444444,11.581552282933552,132.2,2025-06-30 00:06:22,-1
316003689,-123.3669,48.68027,27.4,25.9,1.5,1.7202082156671716,0.0669444444444444,25.696056333617506,38.3,2025-06-30 00:05:46,-1
367784930,-122.97054,48.8011,2.7,8.7,-5.999999999999999,0.1613914251922759,0.0247222222222222,6.528192479687564,278.4,2025-06-30 00:06:14,-1
368043070,-73.93897,40.77097,24.5,14.9,9.6,0.3874611716450971,0.0169444444444444,22.86656094954671,201.1,2025-06-30 00:06:24,-1
316008046,-123.31426,49.07823,23.8,26.3,-2.5,0.5139559757422938,0.0208333333333333,24.669886835630106,358.3,2025-06-30 00:06:36,-1
316009843,-123.07977,49.29304,7.3,0.6,6.7,0.1634768247149572,0.0383333333333333,4.264612818651059,319.3,2025-06-30 00:06:57,-1
368385710,-80.1392,25.7666,5.6,9.2,-3.6,0.2709977275535111,0.0338888888888888,7.996654255677376,317.5,2025-06-30 00:07:06,-1
368238270,-74.01331,40.74421,12.8,4.7,8.100000000000001,0.1507252678587122,0.025,6.02901071434849,226.4,2025-06-30 00:06:09,-1
368409260,-70.97542,42.36538,7.7,11.6,-3.9,0.191222214805261,0.025,7.648888592210439,38.4,2025-06-30 00:06:07,-1
338325543,-73.88921,39.73603,31.5,30.5,1.0,0.5511879110783391,0.0180555555555555,30.5273304597234,276.7,2025-06-30 00:06:33,-1
319072600,-71.81426,41.22027,13.6,11.2,2.4000000000000004,0.3089346340091315,0.0244444444444444,12.63823502764629,75.1,2025-06-30 00:06:49,-1
368161120,-90.83091,30.01307,0.2,7.6,-7.399999999999999,0.0962207094220437,0.0333333333333333,2.886621282661312,,2025-06-30 00:06:18,-1
338459444,-70.96805,42.30965,26.6,4.5,22.1,0.944775823776176,0.0427777777777777,22.08566860775477,238.2,2025-06-30 00:06:26,-1
538071344,-118.26079,32.66401,8.9,1.1,7.800000000000001,0.0862803117650368,0.0169444444444444,5.091952825477582,114.5,2025-06-30 00:06:25,-1
367778670,-73.99437,40.70483,7.8,0.9,6.9,0.0807547023776977,0.0358333333333333,2.2536196012380767,234.7,2025-06-30 00:06:21,-1
367767860,-89.90837,29.86967,24.6,2.5,22.1,0.7178020142610857,0.035,20.50862897888816,236.2,2025-06-30 00:06:09,-1
368045380,-97.06883,27.84043,0.3,7.8,-7.5,0.0891319398513188,0.0,0.0,152.5,2025-06-30 00:05:12,-1
367679690,-123.15887,48.61761,5.7,9.9,-4.2,0.3722839728088997,0.0419444444444444,8.87564438484794,168.1,2025-06-30 00:06:49,-1
367547820,-65.62208,18.21981,13.3,10.6,2.700000000000001,0.2114193536680647,0.0175,12.081105923889412,173.7,2025-06-30 00:06:21,-1
368422520,-122.40276,37.81294,38.6,6.0,32.6,0.4743310439145999,0.0188888888888888,25.111643501361176,96.9,2025-06-30 00:06:25,-1
367481630,-90.19839,38.59025,7.5,0.1,7.4,0.0381659162338486,0.0177777777777777,2.146832788153989,291.0,2025-06-30 00:06:03,-1
338348737,-76.66477,34.71536,3.0,7.4,-4.4,0.2788747831320453,0.05,5.577495662640906,101.0,2025-06-30 00:06:25,-1
338509755,-122.19292,37.51279,0.0,0.0,0.0,0.0007663557384255,5.620833333333334,0.0001363420142491,,2025-06-30 05:38:19,-1
941220763,-122.92013,37.38187,2.2,2.2,0.0,0.0069178058965466,5.560833333333333,0.001244023239301,55.8,2025-06-30 05:38:19,-1
338112876,-70.27464,41.64972,0.0,0.0,0.0,588.1184194101277,0.0244444444444444,24059.389884959768,26.9,2025-06-30 00:06:16,-1
367776270,-73.97033,40.7444,0.3,9.4,-9.1,0.092567720349885,0.0194444444444444,4.760625617994088,281.4,2025-06-30 00:07:38,-1
368238270,-74.01739,40.7389,20.8,12.8,8.0,0.3689044107650491,0.0202777777777777,18.19254628430379,205.8,2025-06-30 00:07:22,-1
368101960,-73.96711,40.74433,18.5,1.6,16.9,0.131256618128356,0.0177777777777777,7.383184769720029,89.7,2025-06-30 00:06:43,-1
338236561,-89.36043,29.23446,10.1,6.7,3.3999999999999995,0.8308169814390661,0.0580555555555555,14.310723125266213,271.0,2025-06-30 00:06:40,-1
368130870,-74.03122,40.68816,26.3,25.2,1.1000000000000014,0.4278954493871525,0.0,0.0,211.6,2025-06-30 00:05:19,-1
368098930,-73.95723,40.74914,5.0,14.2,-9.2,0.1705860067281794,0.0172222222222222,9.904993939055576,206.0,2025-06-30 00:06:23,-1
367434210,-74.00856,40.76028,15.0,11.0,4.0,0.715700643697256,0.0347222222222222,20.61217853848097,58.0,2025-06-30 00:07:34,-1
338421242,-119.46226,34.05795,22.5,11.4,11.1,0.2114711045559692,0.0180555555555555,11.712245790792146,83.8,2025-06-30 00:06:32,-1
367379320,-70.92373,42.26472,6.2,22.9,-16.7,0.3261408095508109,0.0172222222222222,18.937208296498696,104.8,2025-06-30 00:06:15,-1
338508529,-74.13775,39.79165,34.7,35.3,-0.5999999999999943,0.6873922996954854,0.0,0.0,278.6,2025-06-30 00:05:11,-1
366772980,-122.34764,47.97279,8.4,0.0,8.4,0.1305637147405002,0.0375,3.481699059746674,143.3,2025-06-30 00:07:06,-1
367709050,-125.04883,42.76369,5.2,9.5,-4.3,0.1223074517092753,0.0347222222222222,3.522454609227129,1.5,2025-06-30 00:07:18,-1
338474765,-73.91574,39.60892,23.1,25.0,-1.8999999999999984,0.8606659662673044,0.0,0.0,346.7,2025-06-30 00:05:24,-1
338467214,-84.42175,39.08345,0.0,0.0,0.0,572.8944028756924,0.0252777777777777,22663.95439947794,,2025-06-30 00:07:20,-1
338135429,-119.83103,34.20314,23.6,25.4,-1.7999999999999972,0.6027317410527676,0.0247222222222222,24.38016031224678,32.1,2025-06-30 00:07:29,-1
367675020,-71.378,41.79045,25.4,18.7,6.699999999999999,0.4071486812998724,0.0172222222222222,23.640891172250655,151.4,2025-06-30 00:07:43,-1
338099721,-80.56357,28.40124,13.8,11.9,1.9000000000000004,0.6334542738582615,0.05,12.669085477165227,129.1,2025-06-30 00:07:25,-1
367790830,-74.04193,40.68685,6.3,23.6,-17.3,0.6843081582234538,0.0344444444444444,19.86701104519705,203.2,2025-06-30 00:07:15,-1
338445907,-73.94384,40.53916,9.1,2.9,6.199999999999999,0.0302605073804937,0.0258333333333333,1.1713744792449183,112.8,2025-06-30 00:07:29,-1
367518780,-122.62319,47.56085,5.5,17.8,-12.3,0.2148365617060267,0.0172222222222222,12.474381002285424,346.4,2025-06-30 00:07:40,-1
368092580,-74.01124,40.70081,0.0,7.7,-7.7,0.1882413739533986,0.0519444444444444,3.6238981081937713,52.6,2025-06-30 00:07:21,-1
367684610,-84.70571,39.1183,7.5,1.1,6.4,0.197124463821254,0.0358333333333333,5.501147827569879,323.0,2025-06-30 00:05:48,-1
368013770,-74.04592,40.60377,30.8,9.0,21.8,0.2906709024789808,0.0,0.0,354.8,2025-06-30 00:05:10,-1
316047946,-123.92319,49.16803,9.5,12.7,-3.1999999999999997,0.3864232560520078,0.0361111111111111,10.7009517060556,267.5,2025-06-30 00:07:44,-1
367367270,-74.0321,40.69787,9.3,6.1,3.200000000000001,0.1527727011799863,0.0194444444444444,7.856881774970727,230.1,2025-06-30 00:05:46,-1
367778670,-73.99568,40.70381,0.1,7.8,-7.7,0.0854734713450452,0.0172222222222222,4.962975755518755,172.4,2025-06-30 00:07:23,-1
367742760,-122.99608,48.7851,11.0,28.6,-17.6,0.543955810396044,0.0361111111111111,15.063391672505835,11.6,2025-06-30 00:07:40,-1
367127950,-73.27087,39.93614,7.3,1.2,6.1,0.0923357456759157,0.025,3.693429827036628,140.8,2025-06-30 00:05:48,-1
338421242,-119.45442,34.06134,25.3,22.5,2.8000000000000007,0.4398891223264667,0.0180555555555555,24.36308985192739,62.4,2025-06-30 00:07:37,-1
368422890,-122.84867,37.43741,3.8,3.8,0.0,0.1200511239606564,5.55,0.0216308331460642,275.6,2025-06-30 05:38:20,-1
316009175,-123.50739,48.71413,26.2,24.9,1.3000000000000007,1.321367008450674,0.05,26.42734016901348,107.3,2025-06-30 00:07:30,-1
368059840,-90.0621,29.94977,0.1,10.9,-10.8,0.0913258614038896,0.0347222222222222,2.6301848084320225,297.2,2025-06-30 00:07:38,-1
367798420,-73.96387,40.73081,2.5,7.9,-5.4,0.1046068415919504,0.0172222222222222,6.07394564082293,89.3,2025-06-30 00:06:32,-1
366985270,-122.41305,37.81093,7.8,0.1,7.7,0.1061697070337322,0.0586111111111111,1.811426281144247,33.8,2025-06-30 00:08:04,-1
368409910,-94.77999,29.31832,7.0,11.6,-4.6,0.4050974218060958,0.0369444444444444,10.965042996255224,180.0,2025-06-30 00:07:34,-1
367481630,-90.20183,38.5891,10.6,7.5,3.1,0.1755835776677221,0.0175,10.033347295298409,228.0,2025-06-30 00:07:06,-1
215159000,-123.70179,35.59564,18.1,18.1,0.0,1.568962599528157,5.6033333333333335,0.2800052229972916,113.6,2025-06-30 05:38:19,-1
368420000,-123.00351,35.11429,0.8,0.5,0.3,0.0006004046070901,5.630555555555556,0.0001066332799962,79.4,2025-06-30 05:39:09,-1
368926600,-88.545,48.11022,23.9,26.0,-2.1000000000000014,0.475184670120058,0.0180555555555555,26.31792019126476,225.1,2025-06-30 00:06:11,-1
367026580,-70.18885,43.6862,5.0,8.8,-3.8000000000000007,0.3035831408105095,0.05,6.07166281621019,3.3,2025-06-30 00:07:21,-1
368132790,-90.83002,30.00252,0.1,9.7,-9.6,0.167670969477048,0.0330555555555555,5.07239907661658,,2025-06-30 00:07:22,-1
319128100,-72.29222,41.01215,9.7,6.6,3.1,0.2141021252575852,0.0244444444444444,8.758723305992122,41.7,2025-06-30 00:07:24,-1
316035167,-123.35375,48.93906,26.4,5.3,21.1,0.3639245839158327,0.025,14.55698335663331,18.5,2025-06-30 00:07:32,-1
368130870,-74.02612,40.67545,23.8,26.3,-2.5,0.7976618089014799,0.0344444444444444,23.157923484236512,141.3,2025-06-30 00:07:23,-1
367721890,-84.61858,45.84098,27.9,13.3,14.599999999999998,0.3630780050649039,0.0172222222222222,21.08194868118797,233.2,2025-06-30 00:07:00,-1
316051368,-123.38477,48.40787,16.1,19.6,-3.5,0.8237702177555455,0.05,16.475404355110907,294.3,2025-06-30 00:07:32,-1
367679690,-123.15908,48.61961,10.3,5.7,4.6000000000000005,0.1203698516822638,0.0,0.0,179.7,2025-06-30 00:05:48,-1
367742760,-122.99657,48.78173,14.4,11.0,3.4000000000000004,0.2032628233323111,0.0,0.0,359.1,2025-06-30 00:06:35,-1
367004280,-91.0087,30.17184,10.3,7.6,2.700000000000001,0.1768256937094078,0.0194444444444444,9.093892819340976,116.7,2025-06-30 00:06:59,-1
316051343,-123.23958,49.23475,0.2,7.3,-7.1,0.5741477396310176,0.0836111111111111,6.866883264689912,,2025-06-30 00:06:05,-1
368081160,-74.00549,40.70331,3.9,18.3,-14.4,0.2383484720729815,0.0344444444444444,6.919794350505915,239.4,2025-06-30 00:07:16,-1
319008700,-80.70877,32.28466,39.2,39.4,-0.1999999999999957,0.7155708987647246,0.0180555555555555,39.63161900850783,338.3,2025-06-30 00:06:30,-1
367768250,-97.06993,27.84294,7.2,0.0,7.2,0.0623937458505698,0.0191666666666666,3.255325870464513,161.7,2025-06-30 00:07:03,-1
367328780,-122.39831,37.8025,0.0,0.0,0.0,0.0037778211623937,5.611111111111111,0.0006732750586444,333.4,2025-06-30 05:39:09,-1
367782690,-73.99973,40.70245,20.5,3.6,16.9,0.2161150683467161,0.0175,12.349432476955208,236.7,2025-06-30 00:07:27,-1
366976780,-122.41608,37.81305,11.1,5.5,5.6,0.2798062607742239,5.563888888888889,0.0502896924007591,280.2,2025-06-30 05:38:19,-1
